Restaurant_ID,City,Cuisine_Type,Average_Meal_Price,Seating_Capacity,Years_in_Business,Google_Rating,Social_Media_Followers,Weekend_Reservations,Staff_Count,Delivery_Service,Marketing_Budget,Health_Inspection_Score,Annual_Revenue,Success_Label
R0001,Houston,Japanese,49,95,1,3.2,48576,202,33,Yes,3530,59,289190,0
R0002,San Francisco,Japanese,30,49,11,3.5,23749,246,46,No,9024,52,58888,1
R0003,Chicago,Japanese,24,40,16,3.2,42165,286,32,No,8607,85,1842602,1
R0004,San Francisco,Japanese,42,53,18,3.3,27225,236,22,Yes,17126,87,485413,1
R0005,San Francisco,Indian,44,60,16,3.2,34858,242,18,Yes,18768,74,1051830,1
R0006,Los Angeles,Indian,35,70,23,2.6,5696,49,22,No,15435,71,1320008,0
R0007,Chicago,American,17,101,10,4.1,16474,162,32,Yes,10124,97,411085,1
R0008,Chicago,Chinese,45,77,18,4.0,3875,136,28,No,16323,88,329477,0
R0009,Chicago,Italian,39,94,6,4.1,27488,246,12,Yes,8363,96,551616,1
R0010,San Francisco,Japanese,32,42,19,3.0,21129,64,46,Yes,3609,79,610643,0
R0011,Houston,American,23,147,4,3.2,18545,181,49,No,19070,70,280487,1
R0012,Chicago,Chinese,23,36,27,4.0,48574,118,12,Yes,12982,79,703974,1
R0013,San Francisco,Italian,11,88,13,4.0,14745,193,8,Yes,2050,77,517119,0
R0014,Los Angeles,Vegan,46,127,24,3.8,31205,207,31,No,1146,80,1033762,0
R0015,Houston,Mexican,14,113,14,3.4,13768,96,40,Yes,13907,75,1785081,1
R0016,Los Angeles,Indian,47,34,3,4.8,16060,210,9,Yes,13200,92,823890,1
R0017,Houston,Vegan,23,110,10,3.3,11457,284,37,Yes,1037,71,299434,0
R0018,San Francisco,Italian,48,52,6,3.6,37303,220,38,No,14666,70,939602,1
R0019,New York,Vegan,34,144,1,4.2,15904,127,34,No,7072,50,1436395,1
R0020,Houston,Mexican,29,35,23,3.9,14726,200,12,Yes,734,86,1279502,0
R0021,Los Angeles,American,11,85,24,3.4,28232,51,43,No,14567,62,641952,1
R0022,San Francisco,Italian,48,66,27,3.6,8051,51,30,No,10196,70,550638,0
R0023,Houston,Vegan,15,143,14,4.5,6549,285,41,Yes,14650,95,660441,1
R0024,New York,Indian,26,20,8,3.2,19165,26,38,Yes,18258,58,1716480,1
R0025,New York,Indian,34,106,19,2.9,36067,292,11,Yes,2409,66,1920293,0
R0026,Chicago,Chinese,37,147,14,3.3,39636,267,44,Yes,12650,96,1354925,1
R0027,Chicago,Vegan,11,86,10,4.6,9230,72,32,No,580,70,1509325,0
R0028,Los Angeles,Japanese,44,23,17,2.7,23924,71,43,No,2583,80,1000128,0
R0029,Houston,Vegan,46,66,9,5.0,41501,109,43,Yes,13878,88,621284,1
R0030,Houston,American,14,57,29,3.9,37093,28,32,Yes,15717,71,359091,1
R0031,Chicago,Italian,10,40,6,5.0,31975,26,18,Yes,18574,61,471172,1
R0032,Houston,Italian,49,76,11,4.8,49848,255,42,Yes,17640,55,1936038,1
R0033,Houston,American,21,136,25,3.6,6154,260,8,Yes,3170,65,501813,0
R0034,New York,Vegan,45,65,7,3.0,34373,90,46,Yes,4251,75,1927451,0
R0035,Chicago,American,32,58,17,2.9,41921,48,22,Yes,12244,54,702632,1
R0036,San Francisco,Mexican,40,118,28,3.1,48617,45,48,Yes,5761,58,279685,1
R0037,Chicago,American,20,96,28,4.3,10932,206,29,No,15191,95,377608,1
R0038,San Francisco,Indian,19,134,1,3.2,29770,167,11,Yes,7352,89,1750883,1
R0039,New York,American,12,110,22,3.4,49212,213,42,Yes,1994,63,185024,0
R0040,Los Angeles,Italian,23,117,5,3.6,22952,205,32,Yes,17785,93,1024384,1
R0041,Houston,Indian,25,139,9,4.8,23720,225,9,Yes,1172,91,233273,0
R0042,New York,Italian,19,65,18,3.0,28407,294,7,Yes,9130,79,694742,1
R0043,Houston,Chinese,38,57,24,2.5,47651,205,48,Yes,10768,75,174444,1
R0044,Los Angeles,Japanese,19,119,27,2.7,1651,161,35,No,944,94,424319,0
R0045,Los Angeles,Italian,21,91,21,4.8,48022,23,46,Yes,9657,78,354604,1
R0046,New York,Indian,39,54,2,4.1,27912,155,24,No,12482,68,1252444,1
R0047,Los Angeles,Chinese,10,49,29,3.2,13899,66,23,No,9155,96,212818,1
R0048,San Francisco,Italian,14,97,26,2.9,26412,220,15,No,19082,57,530001,1
R0049,Los Angeles,Mexican,29,103,11,3.2,39720,277,44,Yes,2787,72,1098591,0
R0050,Houston,American,17,132,27,2.8,1549,219,7,No,12457,91,1934765,0
R0051,Houston,Japanese,21,44,28,4.9,24526,26,27,Yes,4508,84,1255605,0
R0052,Houston,Italian,10,107,6,4.5,35527,295,11,Yes,12196,80,655829,1
R0053,Houston,Chinese,29,33,26,3.7,40377,212,27,No,9604,84,1644156,1
R0054,San Francisco,Mexican,37,121,8,4.7,31651,108,11,Yes,996,81,1483414,0
R0055,Chicago,Vegan,46,102,4,3.1,24377,288,38,Yes,1963,54,212948,0
R0056,New York,Chinese,46,129,18,4.3,35589,218,46,Yes,12959,65,766087,1
R0057,Houston,American,21,38,28,4.6,45312,138,23,Yes,17377,66,1145622,1
R0058,Los Angeles,Chinese,46,47,11,3.4,9737,297,13,Yes,18310,81,1637681,0
R0059,Houston,Mexican,37,90,5,4.4,43358,261,22,Yes,10384,87,1108335,1
R0060,Los Angeles,Chinese,24,82,15,3.2,35793,274,45,No,18677,81,1278080,1
R0061,Los Angeles,Mexican,15,92,28,3.2,9924,280,49,No,3223,69,1367132,0
R0062,Houston,Italian,29,143,18,2.8,27050,197,46,No,17542,97,1549549,1
R0063,San Francisco,Mexican,23,138,2,3.6,23588,223,29,Yes,5261,51,332648,1
R0064,Los Angeles,Mexican,11,140,22,4.3,39108,292,18,Yes,8130,69,1469220,1
R0065,Los Angeles,Japanese,18,38,11,4.9,49764,220,48,No,16875,96,320651,1
R0066,Houston,Mexican,46,139,26,4.0,315,85,29,No,9241,67,1119626,0
R0067,Los Angeles,Mexican,29,80,25,4.7,40167,157,23,Yes,4850,50,448036,0
R0068,Los Angeles,Vegan,35,49,13,4.6,11623,222,43,Yes,707,78,536383,1
R0069,Houston,Italian,38,28,4,2.9,10464,118,19,Yes,4690,78,1198729,0
R0070,Houston,American,10,83,22,3.7,3253,138,20,Yes,2383,68,1898595,0
R0071,New York,Japanese,44,139,7,2.8,23934,19,31,Yes,3386,93,281329,0
R0072,San Francisco,Vegan,15,71,29,4.2,34574,56,44,No,17361,89,1680596,1
R0073,San Francisco,Indian,46,108,11,4.9,43166,105,14,Yes,9453,55,626209,1
R0074,Los Angeles,Italian,14,72,22,2.8,34435,112,8,Yes,8881,93,1537291,1
R0075,San Francisco,Italian,42,97,24,4.3,10500,155,23,Yes,14295,88,1740598,1
R0076,Los Angeles,Indian,23,60,4,4.1,10445,36,32,Yes,17639,99,1089786,1
R0077,New York,American,21,87,28,4.0,33996,229,25,Yes,10138,95,187912,1
R0078,Houston,Mexican,29,27,15,3.5,19994,27,18,Yes,5431,57,546586,1
R0079,Houston,Vegan,33,21,1,3.4,28999,176,37,Yes,10355,73,605728,1
R0080,Houston,Chinese,43,124,23,2.6,40735,91,14,No,6224,69,1658047,1
R0081,San Francisco,Japanese,34,144,3,3.0,28329,81,23,Yes,12920,63,1981180,1
R0082,New York,Chinese,38,129,14,2.5,5683,263,34,Yes,4560,54,1756325,0
R0083,San Francisco,Indian,48,105,6,4.0,4997,171,26,Yes,5265,90,688803,0
R0084,San Francisco,Italian,40,139,18,2.8,6101,47,7,No,7053,89,1483903,0
R0085,New York,American,32,146,25,4.7,43981,210,41,Yes,7878,83,378443,1
R0086,New York,Italian,47,35,1,3.8,4667,209,45,No,18573,65,1843397,0
R0087,New York,Japanese,29,81,6,4.2,9371,264,22,Yes,18200,94,1059589,1
R0088,New York,Italian,32,132,6,3.5,47216,188,15,No,7630,56,1738367,1
R0089,Houston,Italian,25,31,21,3.9,11803,44,6,No,3686,65,1137599,0
R0090,Chicago,Japanese,17,54,16,4.9,13429,91,16,Yes,6289,56,1279677,1
R0091,Chicago,Vegan,30,30,29,2.7,35609,229,10,Yes,16622,76,352085,1
R0092,New York,Vegan,10,83,5,3.1,6356,167,47,Yes,18029,63,1545742,0
R0093,Chicago,Japanese,17,69,17,4.4,328,13,44,No,8442,63,958109,0
R0094,Chicago,American,38,88,10,2.7,24846,176,48,Yes,8048,93,792319,1
R0095,New York,Indian,41,67,28,2.7,16778,213,33,Yes,17444,82,126054,1
R0096,Chicago,Italian,47,39,21,3.4,37152,203,34,No,18796,82,1426083,1
R0097,San Francisco,American,14,120,18,2.7,46132,244,6,No,18748,93,551772,1
R0098,Los Angeles,Italian,31,87,7,4.0,46258,215,13,Yes,796,69,636030,0
R0099,Los Angeles,Indian,43,54,3,3.1,23285,159,6,Yes,2909,96,1091963,0
R0100,New York,Vegan,10,84,13,4.7,33786,168,33,Yes,1961,85,1589688,1
R0101,Houston,American,35,27,15,4.5,11545,288,37,Yes,2768,56,619503,1
R0102,New York,Mexican,19,64,20,4.2,33366,175,14,Yes,17878,81,1092585,1
R0103,Houston,Mexican,39,106,19,4.0,2909,77,38,Yes,7054,97,1932865,0
R0104,Los Angeles,Mexican,27,95,3,4.7,37829,97,48,Yes,16891,52,1940484,1
R0105,New York,Vegan,26,95,4,3.1,41885,226,12,No,19399,88,209245,1
R0106,San Francisco,Vegan,35,66,5,4.7,36647,10,41,Yes,18301,78,1501187,1
R0107,Chicago,Indian,17,34,1,4.5,42918,144,37,Yes,19200,73,896200,1
R0108,Houston,Italian,49,124,4,4.4,34986,194,10,Yes,7858,71,1340019,1
R0109,Chicago,Indian,21,45,12,3.9,6491,149,48,Yes,18171,55,1576535,0
R0110,Chicago,Indian,36,71,28,3.1,245,115,44,Yes,18002,97,1202167,0
R0111,New York,Vegan,17,112,27,3.6,14029,142,49,Yes,8137,73,1347621,1
R0112,Chicago,Mexican,34,40,24,4.5,24426,117,23,No,1160,89,1669093,0
R0113,San Francisco,Chinese,13,70,10,2.6,30091,187,36,Yes,9407,72,1996714,1
R0114,Chicago,Italian,42,57,23,4.5,47785,155,31,Yes,7422,87,112583,1
R0115,New York,Vegan,10,39,25,3.1,37433,83,5,No,12453,59,305931,1
R0116,San Francisco,Mexican,28,74,21,2.9,16676,117,47,Yes,19413,65,1258572,1
R0117,Los Angeles,American,40,111,29,2.8,39505,131,37,No,4470,60,1748875,0
R0118,Chicago,Chinese,25,47,26,2.6,28564,26,44,Yes,3907,81,1564761,0
R0119,New York,Chinese,23,23,20,3.8,8343,205,36,No,9546,94,1390824,0
R0120,Los Angeles,Vegan,14,95,24,3.0,31701,261,9,Yes,15047,55,814948,1
R0121,Los Angeles,Japanese,35,86,25,5.0,2510,128,21,No,5260,73,874026,0
R0122,Houston,Italian,37,105,13,3.9,1920,171,12,No,18781,82,315808,0
R0123,San Francisco,Chinese,11,110,23,2.8,35389,207,46,Yes,13965,61,1895536,1
R0124,Chicago,Vegan,15,124,14,4.2,38750,54,38,Yes,4587,76,1782126,0
R0125,New York,Vegan,18,20,23,4.7,34735,188,13,No,8107,87,771393,1
R0126,Houston,Mexican,42,91,5,4.4,7565,53,27,Yes,4519,67,504377,0
R0127,San Francisco,American,34,106,4,2.7,32539,280,39,Yes,1315,94,778537,0
R0128,Houston,Japanese,22,25,14,4.7,27414,87,11,Yes,13063,88,702692,1
R0129,San Francisco,Italian,18,80,10,4.5,44329,187,19,No,13792,62,1300240,1
R0130,San Francisco,Indian,22,31,17,2.9,19683,12,24,Yes,16658,89,1393619,1
R0131,Chicago,American,40,25,10,2.6,27255,223,29,Yes,1422,79,907411,0
R0132,San Francisco,American,20,46,26,3.9,38971,83,7,Yes,13429,98,591529,1
R0133,Houston,Mexican,13,143,7,2.9,12297,60,28,No,15425,90,882643,1
R0134,San Francisco,Chinese,43,125,16,4.6,29611,76,38,No,18148,62,1686336,1
R0135,Chicago,Chinese,47,112,1,3.4,15524,102,26,No,11479,83,255320,1
R0136,Chicago,Mexican,13,128,17,4.8,48921,185,15,Yes,3222,85,1041261,1
R0137,Houston,Vegan,47,118,21,3.9,340,154,12,No,5855,79,81346,0
R0138,Los Angeles,Chinese,28,54,29,3.0,4731,16,43,Yes,13801,74,1704060,0
R0139,Los Angeles,Japanese,15,103,9,2.8,9699,278,47,Yes,3050,51,416595,0
R0140,San Francisco,Italian,43,75,6,3.9,44562,13,39,Yes,11641,85,782484,1
R0141,New York,American,27,68,19,4.4,24758,147,42,Yes,18557,67,1987916,1
R0142,San Francisco,American,22,65,13,4.5,37945,240,12,No,11784,54,1534012,1
R0143,Houston,Japanese,32,132,3,3.2,32674,97,41,Yes,18550,68,1247590,1
R0144,Houston,Chinese,28,62,7,3.0,36636,26,31,Yes,1884,91,1934175,0
R0145,Houston,American,20,143,22,2.5,42010,61,32,No,8752,67,872805,1
R0146,Houston,Indian,10,116,9,4.2,8095,143,44,No,7738,81,1952151,0
R0147,Houston,Italian,33,109,22,2.7,25286,220,38,Yes,6526,70,1743487,1
R0148,Chicago,Italian,16,58,5,3.6,29345,228,36,Yes,10982,59,946445,1
R0149,Los Angeles,American,34,104,10,4.0,22913,214,19,No,14301,86,1100592,1
R0150,Houston,Mexican,30,81,23,4.8,13376,220,48,Yes,16620,98,1954118,1
R0151,New York,American,24,125,17,3.3,20089,286,21,Yes,16080,71,1621771,1
R0152,New York,Mexican,10,126,12,3.1,12846,33,37,Yes,9164,62,1013813,1
R0153,New York,American,21,73,23,4.1,44343,13,20,Yes,17842,66,581562,1
R0154,New York,Indian,16,145,16,4.0,18657,161,33,No,993,58,1075743,0
R0155,Chicago,Vegan,24,28,3,3.3,28160,268,13,Yes,16965,73,65748,1
R0156,New York,Italian,30,107,25,4.8,6668,177,37,Yes,7499,93,1511967,1
R0157,Houston,American,28,56,22,4.6,35469,185,33,Yes,14333,63,1596502,1
R0158,San Francisco,Indian,38,68,9,3.1,19141,65,17,Yes,3470,95,1634690,0
R0159,New York,Mexican,34,60,29,3.1,6180,117,25,Yes,511,57,919440,0
R0160,Chicago,Mexican,42,36,15,3.8,13954,150,25,Yes,16051,86,703576,1
R0161,Chicago,Italian,41,107,5,4.4,2259,164,9,Yes,17645,68,477345,0
R0162,New York,Japanese,44,40,23,2.6,27125,271,14,Yes,3685,77,1299657,0
R0163,San Francisco,American,47,70,13,4.2,41181,282,10,Yes,16909,95,1873918,1
R0164,New York,Chinese,35,78,14,4.1,4468,241,17,Yes,2306,90,466706,0
R0165,Chicago,Mexican,20,60,20,3.1,34185,250,5,Yes,6164,79,942055,1
R0166,Los Angeles,Vegan,44,58,15,4.2,27194,267,24,Yes,14626,56,222507,1
R0167,Houston,Vegan,17,30,16,4.9,46140,258,12,No,13394,75,1828953,1
R0168,Chicago,Mexican,23,96,23,2.6,1330,86,14,Yes,5654,89,570140,0
R0169,New York,Japanese,19,146,13,3.3,17617,189,13,Yes,14267,95,273023,1
R0170,Houston,Japanese,11,65,17,3.6,24091,75,45,Yes,15726,95,1443826,1
R0171,New York,Indian,18,64,23,4.7,1401,180,7,No,2025,60,1815813,1
R0172,New York,Vegan,12,20,8,4.9,28710,31,15,Yes,1260,63,987302,0
R0173,Los Angeles,Indian,30,127,21,3.6,16027,116,16,No,17478,70,1415358,1
R0174,Houston,Vegan,35,38,2,4.4,34778,236,14,Yes,14380,57,1167648,1
R0175,Houston,American,17,95,5,3.8,24566,225,29,No,1555,52,1165885,0
R0176,Los Angeles,American,11,91,6,3.8,15004,78,29,No,10546,77,1259542,1
R0177,Chicago,Chinese,15,128,12,3.2,40975,93,15,Yes,3583,78,551775,0
R0178,New York,American,37,31,18,3.0,26181,112,40,Yes,16178,72,1485444,1
R0179,San Francisco,Chinese,38,64,22,3.2,24454,48,43,Yes,12608,67,235639,1
R0180,New York,American,35,109,22,3.9,27861,22,30,Yes,10150,84,1658190,1
R0181,New York,Italian,34,122,1,2.6,18400,190,18,Yes,6457,62,760419,1
R0182,Chicago,American,21,27,17,4.8,29591,277,43,Yes,5755,61,1890087,1
R0183,New York,Indian,14,110,11,2.9,35625,22,44,Yes,9911,96,1482132,1
R0184,Los Angeles,Mexican,43,106,10,3.1,26632,129,5,Yes,16844,99,1710204,1
R0185,Los Angeles,Indian,46,103,19,3.8,6564,66,8,Yes,10191,54,1970219,0
R0186,Houston,Mexican,24,101,14,4.3,16662,49,34,Yes,18714,88,468810,1
R0187,San Francisco,Japanese,45,87,26,2.7,41956,137,16,Yes,3895,60,354893,0
R0188,New York,Indian,24,146,10,3.3,47992,182,39,No,1703,60,1790228,0
R0189,New York,Japanese,32,101,15,4.9,47128,44,17,Yes,19694,96,1741056,1
R0190,Chicago,Chinese,15,103,28,3.2,42611,268,35,No,19976,91,910966,1
R0191,Los Angeles,Chinese,30,132,19,3.3,8783,14,42,Yes,3544,96,1350325,0
R0192,San Francisco,Italian,32,95,4,4.6,32734,227,47,Yes,7772,80,1964241,1
R0193,Houston,American,25,141,2,2.6,160,20,27,Yes,4014,80,1674682,0
R0194,Los Angeles,Indian,24,60,9,3.7,9369,126,8,Yes,10490,62,1996918,0
R0195,Houston,Japanese,34,21,10,3.4,23165,193,20,No,6692,63,1636293,1
R0196,Chicago,Mexican,45,48,28,3.3,2995,125,11,Yes,11267,98,1680612,0
R0197,Chicago,Chinese,20,124,11,3.2,15423,171,26,Yes,17028,94,1671671,1
R0198,New York,American,24,70,14,2.7,12452,76,33,No,8007,91,319284,1
R0199,San Francisco,Chinese,13,94,7,3.3,44743,209,15,Yes,5357,74,1423946,1
R0200,Houston,Mexican,30,29,23,2.6,49837,40,37,No,12618,82,812449,1
R0201,Los Angeles,American,22,70,15,4.5,38691,84,33,No,18261,82,1506693,1
R0202,Chicago,American,31,137,22,3.5,30990,246,43,Yes,3646,64,925247,0
R0203,New York,Japanese,28,140,19,3.6,32116,75,16,Yes,17677,65,1913533,1
R0204,New York,Japanese,43,58,22,4.7,12062,79,11,Yes,6256,93,1381211,1
R0205,Houston,Indian,23,47,15,4.1,33402,29,43,Yes,4914,87,249888,0
R0206,Chicago,Indian,13,22,28,2.5,19946,235,46,Yes,17994,55,216052,1
R0207,San Francisco,Vegan,36,103,24,4.9,4111,208,30,No,4437,93,1605309,1
R0208,Chicago,Vegan,38,136,8,3.1,19882,48,44,No,4463,74,1325173,0
R0209,Houston,Italian,37,21,11,2.8,2255,154,13,Yes,6397,64,1106654,0
R0210,Houston,Chinese,44,112,29,4.4,39825,54,45,Yes,9474,53,665942,1
R0211,Chicago,Indian,17,113,9,3.8,9296,100,38,Yes,14877,53,179101,0
R0212,Houston,Japanese,25,59,15,3.6,43559,247,49,Yes,18000,79,532737,1
R0213,Chicago,Mexican,45,21,1,3.1,21809,79,17,No,16556,83,1540496,1
R0214,Los Angeles,Japanese,39,100,1,3.9,13427,175,40,Yes,2250,76,591285,0
R0215,Chicago,Chinese,27,31,19,3.2,35574,139,29,Yes,4527,80,523026,0
R0216,Chicago,Vegan,11,84,3,4.8,32869,223,28,Yes,12028,81,706228,1
R0217,Houston,Japanese,22,74,10,3.0,42093,98,48,No,6245,93,558715,1
R0218,Houston,Italian,13,64,8,4.7,24800,261,21,Yes,10179,88,469614,1
R0219,New York,Chinese,35,120,15,3.9,14920,81,6,No,6438,58,262650,1
R0220,New York,Vegan,34,81,10,4.6,10991,174,17,Yes,12650,90,409500,1
R0221,Los Angeles,Mexican,39,68,1,4.3,34729,58,35,No,13906,57,1474431,1
R0222,New York,Vegan,20,146,29,4.2,5369,61,33,Yes,18243,63,857678,0
R0223,Chicago,American,16,42,18,3.3,43980,298,32,Yes,5353,82,201633,1
R0224,Houston,Italian,40,57,2,3.1,48567,287,31,No,18825,72,1133088,1
R0225,New York,Chinese,19,47,19,3.0,8420,123,19,Yes,3648,70,1068064,0
R0226,New York,Mexican,48,40,13,4.6,49689,248,35,Yes,16743,61,275226,1
R0227,Los Angeles,Italian,22,126,22,4.6,10840,142,44,Yes,8433,51,1307043,1
R0228,Los Angeles,Vegan,40,118,1,3.6,35997,283,19,No,9936,62,894297,1
R0229,Chicago,Italian,16,138,2,2.8,31030,175,37,No,18169,53,991084,1
R0230,Houston,Chinese,45,92,29,3.5,17385,252,24,Yes,6974,69,514175,1
R0231,Los Angeles,Indian,29,141,16,4.0,14480,147,46,Yes,15179,99,939825,1
R0232,New York,Italian,13,49,15,3.6,11460,88,16,No,11728,97,646432,1
R0233,Houston,American,16,127,13,4.5,5498,179,41,Yes,1270,63,747845,1
R0234,Houston,Italian,10,117,16,5.0,5629,132,13,No,2343,79,1215939,0
R0235,New York,Vegan,22,51,17,3.0,29162,185,27,Yes,573,78,362809,0
R0236,Los Angeles,Vegan,31,98,21,3.6,36786,91,12,No,18544,57,1824348,1
R0237,New York,Mexican,30,60,29,3.6,17551,96,36,No,16559,61,231675,1
R0238,Houston,Vegan,31,82,29,3.3,49278,234,18,No,8500,90,1250686,1
R0239,San Francisco,Japanese,37,42,7,3.0,7037,25,31,Yes,13773,87,667830,0
R0240,San Francisco,Chinese,18,123,24,2.7,39986,172,29,Yes,16621,75,937743,1
R0241,Chicago,Chinese,35,94,26,4.7,49799,107,17,Yes,831,99,1588138,0
R0242,New York,Indian,18,67,17,3.5,10960,165,25,Yes,18305,51,1899333,1
R0243,New York,Indian,24,76,7,3.7,25242,11,49,Yes,8012,89,216964,1
R0244,Chicago,Chinese,19,137,13,4.8,25379,178,35,Yes,5431,63,444969,1
R0245,Chicago,American,33,119,5,4.4,38206,101,41,No,13242,55,1062571,1
R0246,Chicago,Indian,17,143,26,2.8,45340,190,47,Yes,13926,91,723356,1
R0247,Houston,Mexican,33,53,17,3.9,36008,240,9,Yes,5613,89,905243,1
R0248,New York,Vegan,25,26,3,3.6,40864,157,17,Yes,8919,80,1828219,1
R0249,Houston,Chinese,35,75,7,4.5,48357,289,32,Yes,3381,66,1012715,1
R0250,Chicago,Indian,36,84,26,4.3,14301,198,47,Yes,13645,74,166737,1
R0251,New York,Chinese,46,66,17,4.2,40644,137,29,Yes,14056,81,506036,1
R0252,Houston,Japanese,13,38,7,3.4,37811,16,39,No,19749,61,312968,1
R0253,Houston,Italian,33,145,21,4.5,45754,56,43,Yes,3075,98,1505672,0
R0254,Chicago,Vegan,28,68,1,2.6,9097,62,11,Yes,13214,62,1863281,0
R0255,New York,Chinese,45,132,17,2.9,40666,196,42,Yes,6685,68,692006,1
R0256,Chicago,Italian,48,57,17,3.3,20275,47,36,No,9156,93,378761,1
R0257,New York,Indian,19,83,11,2.7,40960,235,7,Yes,6241,97,1372237,1
R0258,San Francisco,Italian,34,88,25,3.1,3325,62,49,No,17161,74,1775619,0
R0259,Los Angeles,Vegan,27,135,27,4.6,44678,233,43,Yes,565,80,1508668,1
R0260,Los Angeles,Chinese,28,84,29,4.9,47782,163,41,No,4762,86,1463788,1
R0261,Los Angeles,Japanese,45,50,3,3.3,35328,57,26,Yes,6204,74,517018,1
R0262,Chicago,American,19,132,15,3.2,41605,156,12,Yes,15855,65,1830655,1
R0263,San Francisco,Indian,42,128,29,3.2,46788,73,21,Yes,9094,87,1871984,1
R0264,New York,Chinese,14,88,21,3.2,23210,191,31,Yes,12675,92,1877186,1
R0265,Houston,Vegan,44,139,11,2.6,10854,134,37,Yes,13196,98,529818,1
R0266,New York,Indian,43,107,26,4.8,26755,188,21,No,6755,72,1308061,1
R0267,Houston,Mexican,42,86,28,3.0,43701,48,46,Yes,7941,63,322126,1
R0268,New York,Italian,30,94,16,3.6,3214,269,16,No,15486,55,469814,0
R0269,San Francisco,American,26,64,25,2.5,26602,12,31,No,13850,74,195711,1
R0270,Houston,Vegan,31,23,22,4.6,49868,73,12,Yes,14940,72,1693074,1
R0271,Chicago,Mexican,46,126,28,4.3,48228,38,27,No,8460,92,1692716,1
R0272,New York,Chinese,24,70,9,4.9,20128,20,46,Yes,18321,61,950050,1
R0273,New York,Japanese,44,69,24,4.5,17687,106,33,Yes,14165,62,1878003,1
R0274,Houston,Indian,37,25,24,3.3,42819,212,24,No,7129,85,1108271,1
R0275,Chicago,Italian,16,78,1,3.1,35433,30,20,Yes,14328,88,1147158,1
R0276,Chicago,Indian,41,144,29,4.2,3274,48,21,Yes,5041,83,1391814,0
R0277,San Francisco,American,20,49,25,3.4,35498,232,20,Yes,8376,55,1814571,1
R0278,Chicago,Chinese,19,141,22,3.9,36029,111,23,Yes,13811,87,1382907,1
R0279,Chicago,Indian,18,144,16,2.5,4421,55,12,No,15088,99,954445,0
R0280,Chicago,Italian,23,56,9,2.7,30535,75,42,Yes,17148,89,703009,1
R0281,Los Angeles,Chinese,22,143,19,3.8,46072,100,42,Yes,12880,57,680971,1
R0282,San Francisco,Indian,34,120,12,3.9,7199,173,33,Yes,10377,57,1886222,0
R0283,New York,Japanese,11,54,19,4.4,23860,120,45,Yes,18318,89,1908948,1
R0284,Houston,Vegan,44,106,22,2.8,11460,132,40,Yes,5597,82,569382,1
R0285,New York,Chinese,16,37,9,3.8,10413,202,30,Yes,18544,83,1667270,1
R0286,San Francisco,Vegan,30,132,7,3.0,46370,108,35,Yes,19238,93,1058725,1
R0287,Houston,Chinese,27,48,14,2.7,20562,168,48,Yes,6961,64,1010985,1
R0288,San Francisco,Japanese,12,96,29,3.5,5901,112,16,No,7544,85,197049,0
R0289,Chicago,Vegan,48,78,19,2.9,14230,290,21,Yes,5997,84,1095323,1
R0290,Houston,Mexican,20,145,19,3.1,14371,52,19,No,14251,95,1536631,1
R0291,Chicago,Italian,48,128,2,3.3,16175,93,13,No,9804,71,1549666,1
R0292,New York,Mexican,33,41,9,3.1,37019,200,43,No,10926,72,1943422,1
R0293,New York,Indian,28,87,13,2.7,41779,60,46,No,11558,89,1462160,1
R0294,Houston,Japanese,13,88,15,2.7,19084,219,16,Yes,11760,94,285994,1
R0295,Houston,Mexican,35,68,3,3.0,22659,135,36,Yes,19063,71,1988577,1
R0296,San Francisco,Chinese,47,128,11,2.6,12961,78,29,Yes,1134,54,1810177,0
R0297,San Francisco,Indian,41,105,21,4.1,33534,274,43,Yes,10557,80,1303149,1
R0298,Chicago,Indian,48,72,14,3.2,16767,267,22,No,13845,62,1829069,1
R0299,Houston,Mexican,45,142,25,3.2,5940,197,19,Yes,10647,77,1159057,0
R0300,New York,Mexican,49,106,8,3.3,3665,239,36,No,19102,69,1860948,0
R0301,San Francisco,Japanese,46,61,18,4.2,43294,198,10,Yes,1889,82,339884,0
R0302,San Francisco,Italian,42,117,19,4.7,21077,19,48,No,13571,65,1948336,1
R0303,New York,Mexican,45,128,16,4.4,21218,123,47,Yes,11822,78,1018147,1
R0304,San Francisco,American,12,70,2,4.3,22741,85,39,Yes,4776,72,1595309,0
R0305,Chicago,Mexican,18,104,8,3.7,7466,173,38,Yes,12806,73,1372601,0
R0306,Houston,Vegan,17,146,22,4.2,26736,94,42,No,1749,83,1397716,0
R0307,New York,Chinese,42,40,6,3.9,15730,58,9,Yes,18129,56,737537,1
R0308,Houston,American,15,63,12,3.0,20156,186,22,No,8745,87,1745060,1
R0309,San Francisco,American,48,122,15,3.0,7482,227,20,No,11602,86,1660041,0
R0310,San Francisco,Vegan,13,87,25,3.2,16249,198,12,No,16726,53,1164702,1
R0311,New York,Vegan,22,148,8,4.8,48739,239,29,Yes,11088,83,1417251,1
R0312,Chicago,Indian,11,111,4,3.9,46141,264,36,No,942,91,76119,0
R0313,Los Angeles,Italian,14,43,15,4.3,1092,245,30,No,7476,71,692032,1
R0314,New York,Chinese,36,144,28,3.4,6958,35,26,Yes,5175,54,1215470,0
R0315,Los Angeles,Japanese,41,130,20,3.5,2221,81,35,Yes,12303,99,1257563,0
R0316,Los Angeles,American,30,117,25,2.8,27260,270,47,Yes,8453,91,1494500,1
R0317,Chicago,Japanese,17,36,17,2.9,45256,263,14,Yes,4877,72,481965,0
R0318,Los Angeles,Mexican,47,118,13,4.6,21006,280,16,Yes,11099,64,1143565,1
R0319,Los Angeles,Mexican,17,101,18,4.0,19672,132,32,No,7558,80,1907114,1
R0320,Chicago,Japanese,12,123,2,3.3,4236,153,10,Yes,17706,58,1902139,0
R0321,Los Angeles,Mexican,12,38,13,4.5,16827,266,24,Yes,12394,92,1931561,1
R0322,Los Angeles,Italian,31,104,13,3.1,32267,153,9,No,3439,74,1025648,0
R0323,Los Angeles,Vegan,15,27,22,4.9,45521,268,27,Yes,1531,74,1105129,1
R0324,New York,Mexican,11,47,15,3.4,15579,56,13,No,10708,98,1640745,1
R0325,New York,Indian,32,24,20,3.3,31476,22,33,Yes,1062,70,51379,0
R0326,New York,Mexican,11,120,29,3.3,4923,217,20,Yes,11230,58,402935,0
R0327,Chicago,Chinese,47,137,27,2.8,5020,244,26,Yes,17224,97,1466384,0
R0328,San Francisco,Italian,26,83,10,2.8,19685,158,12,Yes,16652,87,119306,1
R0329,Los Angeles,Chinese,44,110,29,4.1,38339,164,24,Yes,14498,71,1511518,1
R0330,Los Angeles,Chinese,43,136,3,4.7,17372,175,18,No,19180,92,1342401,1
R0331,Chicago,Indian,32,117,19,4.5,26719,99,43,Yes,17118,72,976592,1
R0332,Los Angeles,Italian,39,30,3,2.9,9633,195,41,No,9808,98,1526106,0
R0333,New York,Italian,17,73,22,3.9,39995,183,38,Yes,10109,53,561030,1
R0334,San Francisco,Italian,31,66,14,2.8,3820,226,15,Yes,18175,78,1727376,0
R0335,Houston,Italian,45,24,8,2.6,19367,273,44,Yes,9220,64,328494,1
R0336,Los Angeles,Italian,14,39,27,4.1,15796,106,37,Yes,10672,50,1598971,1
R0337,New York,Indian,22,65,23,3.8,30068,126,35,No,14957,79,1198175,1
R0338,Houston,Mexican,38,31,4,2.7,23445,208,48,No,3439,78,1704261,0
R0339,San Francisco,Chinese,40,89,27,2.6,25793,30,38,No,14845,69,1440229,1
R0340,Houston,Italian,25,36,28,5.0,19485,209,11,Yes,16658,82,592057,1
R0341,New York,American,39,134,20,2.6,18222,257,27,Yes,5935,90,752609,1
R0342,Houston,Mexican,25,67,11,3.6,1464,285,11,Yes,5892,93,675872,0
R0343,Chicago,Mexican,21,127,26,3.8,2808,273,29,No,8472,85,1407085,0
R0344,Houston,Chinese,26,71,11,2.8,13082,67,7,Yes,18117,71,362329,1
R0345,Los Angeles,Indian,25,115,27,2.9,17408,40,42,Yes,19684,62,1756722,1
R0346,Los Angeles,Japanese,21,89,11,3.4,33019,258,24,Yes,15299,56,1854473,1
R0347,Chicago,Japanese,17,121,2,4.4,25261,102,38,Yes,19659,57,1225101,1
R0348,New York,Mexican,29,94,17,3.8,35189,274,48,Yes,15552,77,1493412,1
R0349,Los Angeles,Vegan,12,101,9,4.1,13965,280,48,Yes,6544,94,610591,1
R0350,San Francisco,Vegan,25,111,28,5.0,595,103,34,No,14915,92,1118165,0
R0351,Los Angeles,Chinese,39,23,28,4.4,44855,163,21,No,17774,58,1363602,1
R0352,Los Angeles,Japanese,32,128,2,3.6,2248,294,14,Yes,14358,74,230394,0
R0353,New York,Mexican,37,67,29,3.6,33424,89,39,Yes,18072,65,703524,1
R0354,Houston,Indian,49,92,24,4.0,13493,93,24,Yes,6144,59,467740,1
R0355,Los Angeles,Japanese,14,91,15,4.2,1652,46,22,No,17624,60,1894753,0
R0356,Chicago,Mexican,29,135,16,3.8,35953,241,49,No,18253,80,1069705,1
R0357,Houston,Mexican,49,100,25,4.1,33024,102,48,No,18884,61,65861,1
R0358,San Francisco,Italian,10,100,4,2.6,9026,111,31,No,18355,80,665995,0
R0359,New York,Indian,39,132,8,3.6,30951,175,40,Yes,18420,63,1414981,1
R0360,San Francisco,Italian,30,115,9,3.2,23989,168,27,No,17202,93,1877907,1
R0361,Houston,Chinese,29,91,26,2.8,40030,23,36,Yes,5653,81,708197,1
R0362,Houston,Italian,15,82,26,2.7,8155,234,14,Yes,2394,99,386279,0
R0363,Houston,American,31,57,5,4.0,4754,82,15,No,8491,66,628668,0
R0364,San Francisco,Italian,27,86,16,3.8,22734,258,42,Yes,15939,84,1971097,1
R0365,Houston,American,17,88,13,3.1,32463,100,10,Yes,9967,50,679313,1
R0366,San Francisco,Japanese,48,32,7,3.7,11568,225,45,Yes,6435,78,1803767,1
R0367,Houston,Vegan,41,50,26,3.7,33022,99,38,Yes,17607,53,270421,1
R0368,Chicago,Mexican,42,133,20,3.0,40818,38,40,No,2829,72,1005759,0
R0369,Houston,American,25,41,17,4.1,48191,229,41,Yes,9827,77,1343073,1
R0370,San Francisco,Indian,21,112,3,4.5,17480,224,21,Yes,3270,65,1783456,1
R0371,Los Angeles,Italian,47,86,5,4.5,26970,230,44,Yes,5346,61,1521333,1
R0372,Houston,American,43,73,19,4.0,37494,51,44,Yes,17151,70,1033276,1
R0373,Los Angeles,Indian,23,61,12,3.8,14359,144,16,Yes,16776,94,94397,1
R0374,Chicago,Vegan,45,83,29,2.7,14973,51,25,Yes,15133,66,913517,1
R0375,New York,Vegan,42,145,27,3.2,13116,173,44,Yes,14128,89,900297,1
R0376,Chicago,Italian,32,40,7,2.7,42237,292,23,No,1069,62,1940964,0
R0377,Houston,Chinese,11,54,28,4.9,253,67,7,No,2473,81,1519245,0
R0378,Los Angeles,Italian,30,49,9,2.8,7953,34,22,Yes,3322,86,1554137,0
R0379,Los Angeles,Japanese,11,76,28,2.9,12479,82,23,Yes,770,99,937159,0
R0380,San Francisco,American,36,66,6,4.7,15892,138,10,Yes,16820,64,1504698,1
R0381,Los Angeles,Mexican,18,38,29,4.9,38467,96,20,No,8141,61,327132,1
R0382,San Francisco,Chinese,10,133,26,4.4,18200,162,12,Yes,9430,98,1257371,1
R0383,New York,Italian,20,27,17,2.5,47653,191,22,No,7180,64,608088,1
R0384,Houston,Indian,12,45,16,2.5,11149,134,47,No,1757,83,208502,0
R0385,San Francisco,Chinese,32,132,23,3.4,886,76,43,No,8750,55,1524327,0
R0386,New York,American,35,90,3,2.9,4468,15,16,No,5870,66,249548,0
R0387,Los Angeles,Chinese,13,49,21,2.5,30799,134,49,Yes,5358,97,1356229,1
R0388,Los Angeles,American,27,86,26,3.7,47791,62,14,Yes,9081,98,1972337,1
R0389,New York,Italian,15,84,4,4.9,37140,75,11,No,13991,69,1675148,1
R0390,Los Angeles,American,44,55,10,3.3,27554,91,5,Yes,12936,58,1679096,1
R0391,New York,Chinese,31,44,5,4.2,38862,96,40,Yes,13370,54,94420,1
R0392,San Francisco,Indian,24,56,21,4.1,23700,11,25,Yes,17004,72,874142,1
R0393,San Francisco,Vegan,31,20,22,3.1,29338,213,41,Yes,7408,82,1564289,1
R0394,New York,Chinese,46,56,10,4.1,25341,159,28,No,11344,87,666323,1
R0395,San Francisco,American,21,147,12,3.0,19910,112,29,Yes,19187,63,1532290,1
R0396,San Francisco,Vegan,47,146,10,2.8,20267,33,11,Yes,5361,66,867715,1
R0397,San Francisco,American,27,20,29,4.3,21911,221,46,No,3411,68,1295817,1
R0398,Chicago,Indian,44,54,13,2.8,39879,74,21,No,9491,82,1039862,1
R0399,Houston,American,39,123,11,5.0,20185,218,33,Yes,12072,50,1816393,1
R0400,Los Angeles,Italian,33,42,22,3.0,46954,260,34,Yes,10798,62,1348439,1
R0401,Chicago,Mexican,39,28,16,4.0,9361,126,11,Yes,7736,95,75968,0
R0402,San Francisco,Chinese,23,53,8,3.5,18833,125,37,Yes,6065,76,1161084,1
R0403,New York,Mexican,15,147,8,2.8,39879,246,11,Yes,17993,55,810151,1
R0404,San Francisco,American,12,23,27,2.6,29179,114,28,Yes,7429,55,1817156,1
R0405,Houston,Indian,25,121,25,4.1,34080,268,15,No,18134,82,425579,1
R0406,San Francisco,Chinese,16,94,8,4.5,14241,55,13,Yes,18533,79,1183942,1
R0407,New York,American,23,118,13,4.6,9444,225,16,Yes,7851,95,1628602,1
R0408,Houston,Vegan,18,91,27,3.7,39572,33,39,Yes,19840,84,1101674,1
R0409,San Francisco,Japanese,24,22,2,4.4,15996,44,8,Yes,15401,72,1194000,1
R0410,Houston,American,30,53,12,4.2,23917,33,40,No,11138,59,778993,1
R0411,Los Angeles,Mexican,44,64,10,4.3,29913,37,32,Yes,6328,68,1701536,1
R0412,Los Angeles,Chinese,11,80,12,3.7,18995,25,17,Yes,12056,77,1398964,1
R0413,San Francisco,Mexican,36,102,11,4.1,243,68,27,Yes,18599,72,1762189,0
R0414,Houston,Chinese,11,142,15,4.5,10781,252,23,No,8650,53,1939341,1
R0415,New York,American,44,121,16,3.5,7467,216,46,Yes,10607,69,1223925,0
R0416,San Francisco,Italian,27,35,17,4.5,3328,280,41,Yes,2257,68,625257,1
R0417,Los Angeles,Vegan,23,85,26,4.0,4682,258,43,Yes,18693,91,665032,0
R0418,Los Angeles,American,29,138,2,2.9,13247,276,28,No,11699,76,251495,1
R0419,San Francisco,Mexican,27,143,18,2.6,11497,202,20,Yes,16795,83,167286,1
R0420,Houston,Japanese,19,121,12,3.4,38899,227,37,Yes,13307,53,1011915,1
R0421,Los Angeles,Japanese,34,85,19,3.9,37111,124,16,Yes,18035,87,1173604,1
R0422,Houston,Indian,11,32,26,4.6,13747,77,38,Yes,5992,56,1920429,1
R0423,Los Angeles,Chinese,34,130,23,2.8,27818,84,11,No,6802,97,968958,1
R0424,Los Angeles,Mexican,42,53,18,4.5,44364,112,15,No,16429,56,985026,1
R0425,Chicago,Indian,45,58,17,4.7,42417,187,35,Yes,5247,99,88575,1
R0426,Los Angeles,Mexican,40,139,6,2.9,48014,224,33,Yes,14738,75,1626056,1
R0427,New York,Chinese,23,145,25,4.6,19197,48,17,Yes,8902,75,1733980,1
R0428,San Francisco,American,10,74,15,5.0,37053,268,35,Yes,11186,68,1547060,1
R0429,San Francisco,American,25,46,3,4.3,45354,213,6,Yes,5181,58,964306,1
R0430,Houston,Japanese,12,137,6,4.5,40196,16,43,Yes,19391,69,655599,1
R0431,Los Angeles,American,44,72,3,5.0,49552,58,19,Yes,19847,91,977906,1
R0432,New York,American,15,58,29,4.0,17207,35,15,Yes,3928,94,1046114,0
R0433,Houston,Italian,34,84,1,3.3,3110,170,38,No,7994,99,655069,0
R0434,Chicago,Japanese,22,32,13,4.6,5655,185,43,No,4455,65,1659391,1
R0435,Houston,Indian,43,40,28,4.0,167,88,8,No,14526,66,626469,0
R0436,Houston,Vegan,17,72,21,4.0,28512,11,15,Yes,9744,71,665760,1
R0437,Los Angeles,Italian,30,38,26,3.1,45053,141,33,No,1213,62,994506,0
R0438,Chicago,Indian,43,76,14,4.4,34405,285,6,Yes,11580,61,1704083,1
R0439,Houston,Chinese,13,44,13,2.7,49649,126,20,Yes,9021,59,979964,1
R0440,New York,Italian,34,50,27,4.8,11649,173,43,No,2246,50,169783,0
R0441,New York,Indian,24,100,4,3.3,5780,297,17,Yes,18091,81,211554,0
R0442,San Francisco,Chinese,13,42,7,2.8,25839,37,41,Yes,17668,79,983951,1
R0443,Chicago,Japanese,21,51,22,3.6,21309,10,21,Yes,3196,57,229300,0
R0444,Chicago,Vegan,41,93,10,2.6,41615,197,25,Yes,12512,70,1706129,1
R0445,San Francisco,Chinese,41,29,7,4.2,22532,65,48,Yes,15188,71,1148702,1
R0446,Houston,American,37,73,21,4.8,15216,44,23,Yes,5536,67,1905553,1
R0447,Chicago,Mexican,22,71,15,4.6,20145,121,11,No,7627,51,1153690,1
R0448,New York,Chinese,40,133,15,2.8,26427,295,42,Yes,4218,97,1454460,0
R0449,New York,Chinese,23,33,4,2.8,35809,45,12,Yes,8410,93,256422,1
R0450,Los Angeles,Vegan,29,129,23,4.5,43717,226,17,Yes,3193,58,763161,1
R0451,Chicago,Mexican,27,72,23,4.8,27005,89,41,Yes,17509,52,850322,1
R0452,Houston,American,38,98,6,3.7,7167,92,6,No,16358,75,171284,0
R0453,San Francisco,Indian,15,41,24,3.7,32659,74,45,Yes,16432,70,1413202,1
R0454,San Francisco,Indian,41,49,20,3.3,43019,137,15,Yes,8192,79,1293045,1
R0455,Houston,Chinese,38,23,26,4.7,18085,31,28,Yes,6898,77,1240866,1
R0456,Los Angeles,Mexican,11,78,5,4.1,27469,225,10,No,7752,85,1432311,1
R0457,San Francisco,Mexican,32,27,20,3.2,17964,116,30,No,12221,75,662529,1
R0458,Chicago,American,28,31,12,3.2,22714,118,11,Yes,18439,83,871154,1
R0459,Los Angeles,Vegan,40,138,1,4.7,47994,190,43,Yes,12325,57,885863,1
R0460,Chicago,Japanese,14,53,28,2.5,15713,173,23,Yes,4687,59,1281191,0
R0461,New York,Indian,28,101,8,3.3,6547,77,10,Yes,536,97,354144,0
R0462,Los Angeles,Vegan,43,117,1,3.9,5599,189,47,Yes,18671,92,1956983,0
R0463,San Francisco,Italian,19,146,5,2.9,39141,190,33,No,6783,99,1653785,1
R0464,Los Angeles,Indian,34,94,22,2.7,31415,178,47,Yes,15702,63,935697,1
R0465,Los Angeles,Vegan,11,124,6,4.5,1399,31,43,No,8560,89,1449467,0
R0466,Los Angeles,Indian,20,68,29,4.7,39569,75,6,Yes,8565,64,211686,1
R0467,Los Angeles,Japanese,40,98,21,4.6,5094,30,23,Yes,4380,66,1815125,0
R0468,Chicago,Italian,24,112,3,4.7,29978,109,8,Yes,6432,67,591889,1
R0469,New York,Japanese,18,37,15,3.9,15727,112,10,Yes,8828,81,1716196,1
R0470,Houston,American,32,115,5,4.5,7589,56,41,Yes,6833,87,1483974,0
R0471,Los Angeles,Italian,28,57,28,3.5,26211,48,32,Yes,14370,72,776903,1
R0472,San Francisco,Chinese,18,106,24,4.2,32455,294,34,Yes,11768,95,1559404,1
R0473,Los Angeles,Vegan,44,107,14,5.0,8369,99,11,Yes,5567,72,431148,0
R0474,San Francisco,Italian,30,69,18,3.1,2931,94,13,Yes,16116,84,1858436,0
R0475,Chicago,American,18,27,16,3.5,44470,282,29,Yes,12575,88,983796,1
R0476,San Francisco,American,37,88,6,3.7,11919,197,37,Yes,17545,64,999014,1
R0477,Houston,Japanese,16,140,25,2.8,24913,168,5,Yes,8473,73,340144,1
R0478,New York,Indian,25,83,24,2.7,21737,252,10,Yes,10502,77,1229015,1
R0479,San Francisco,Italian,25,140,14,4.6,2096,82,22,Yes,8387,65,1338267,0
R0480,San Francisco,Vegan,42,84,27,4.9,44487,58,14,No,914,65,1217853,0
R0481,New York,Italian,13,126,24,3.5,49529,110,32,No,7350,89,342527,1
R0482,Houston,Mexican,13,119,8,2.7,3189,11,15,Yes,3229,88,1241433,0
R0483,Los Angeles,Indian,48,101,29,2.7,33391,253,37,Yes,12429,55,1663774,1
R0484,San Francisco,Vegan,49,70,7,4.7,20759,185,5,Yes,15488,51,1792964,1
R0485,New York,Vegan,26,102,8,3.7,45278,247,17,No,4397,62,1778791,0
R0486,Chicago,Chinese,46,131,13,3.3,30529,68,41,Yes,2669,93,860713,0
R0487,New York,Japanese,48,75,6,3.7,15832,108,24,Yes,14063,96,1474558,1
R0488,Chicago,Chinese,38,79,18,3.3,19606,11,5,No,18762,58,579129,1
R0489,Houston,Vegan,45,139,2,3.7,41035,252,7,Yes,13388,83,1195780,1
R0490,Los Angeles,Indian,47,42,8,4.6,5290,220,22,Yes,5070,66,1158731,1
R0491,New York,Italian,48,32,11,4.0,4675,132,45,Yes,2015,76,368457,0
R0492,San Francisco,Italian,46,120,1,4.2,40595,238,18,Yes,17458,78,1616529,1
R0493,Houston,Indian,44,43,22,3.4,48246,91,35,No,13134,86,1882453,1
R0494,New York,Vegan,16,127,29,4.3,34665,153,31,No,19751,92,835428,1
R0495,San Francisco,American,36,30,6,4.2,34999,149,21,Yes,14298,71,1996696,1
R0496,New York,Italian,37,36,16,2.8,23806,38,33,Yes,4977,73,568985,0
R0497,Chicago,American,31,44,27,3.9,47768,279,40,Yes,16955,56,1247091,1
R0498,New York,Italian,23,113,20,3.1,22984,256,41,Yes,19864,83,1524042,1
R0499,New York,Italian,16,40,12,4.5,17299,21,30,Yes,10051,97,1231570,1
R0500,New York,Japanese,46,103,11,3.6,44200,115,21,Yes,14679,61,868408,1
R0501,Houston,Japanese,31,56,29,5.0,39534,41,26,Yes,539,72,717351,0
R0502,New York,Mexican,14,61,27,2.7,49394,83,29,Yes,10722,64,1202981,1
R0503,San Francisco,Chinese,11,120,29,4.5,12579,180,6,Yes,16616,82,1676608,1
R0504,Chicago,Indian,36,67,10,4.2,34278,78,26,Yes,18784,62,576761,1
R0505,Chicago,Indian,30,122,3,4.4,12765,146,9,Yes,19101,72,713468,1
R0506,New York,Indian,47,47,13,3.3,634,109,8,Yes,16549,87,1651579,0
R0507,Houston,Mexican,24,60,27,3.7,26392,155,40,Yes,5296,81,294826,1
R0508,Houston,Japanese,30,118,3,4.5,36232,18,10,Yes,5106,94,1352432,1
R0509,San Francisco,Vegan,19,66,15,3.1,36210,71,25,Yes,18167,99,813707,1
R0510,New York,American,32,124,16,3.1,22569,194,17,Yes,9275,84,569637,1
R0511,Chicago,American,48,143,29,3.9,46333,38,41,Yes,15364,50,1875372,1
R0512,Houston,Vegan,14,32,13,3.8,37368,123,29,Yes,14693,96,475426,1
R0513,New York,Mexican,10,119,17,3.2,1272,152,30,Yes,15176,94,1082018,0
R0514,Houston,Vegan,22,50,3,3.2,28014,129,43,No,10957,54,1922325,1
R0515,Houston,Indian,30,149,20,3.2,21001,179,24,Yes,17699,62,1426236,1
R0516,Chicago,Chinese,35,35,11,4.4,40875,166,37,Yes,16544,54,738722,1
R0517,Los Angeles,Italian,30,92,27,4.1,34509,269,18,Yes,15566,81,1153180,1
R0518,San Francisco,American,27,73,21,4.6,49723,91,40,Yes,19395,70,558410,1
R0519,San Francisco,Japanese,46,119,19,4.9,19424,251,21,Yes,746,73,1103465,1
R0520,Chicago,Japanese,41,128,22,3.7,8838,181,25,Yes,7016,67,1843493,0
R0521,Houston,Mexican,45,106,11,2.7,37594,240,20,Yes,17300,70,910180,1
R0522,New York,Japanese,26,27,28,2.6,44657,217,20,Yes,13842,59,868403,1
R0523,Houston,Indian,44,26,16,3.2,24154,84,24,Yes,16991,73,1673415,1
R0524,Chicago,American,20,55,21,4.8,29809,279,33,Yes,9530,89,708561,1
R0525,San Francisco,Vegan,30,37,3,3.8,43885,123,32,No,1921,96,1335806,0
R0526,Houston,Indian,35,22,22,3.2,20207,71,12,Yes,13470,70,286139,1
R0527,San Francisco,Mexican,13,47,6,3.5,463,111,28,No,7783,74,1731821,0
R0528,New York,Indian,43,89,14,4.0,10458,219,7,No,16445,72,1188458,1
R0529,San Francisco,Vegan,27,47,24,4.1,36177,264,29,Yes,755,71,350102,0
R0530,San Francisco,Chinese,49,73,18,2.9,49797,29,23,Yes,11519,53,1833187,1
R0531,Los Angeles,Mexican,44,84,17,4.9,3340,67,37,Yes,15987,83,1366401,0
R0532,Los Angeles,Chinese,38,119,4,3.9,6765,121,6,No,9529,55,151982,0
R0533,Los Angeles,Italian,38,40,23,2.8,45789,205,19,No,19846,77,96870,1
R0534,San Francisco,Chinese,47,32,15,4.7,2036,101,26,Yes,2782,80,263328,0
R0535,Chicago,Italian,30,76,11,2.7,46836,61,14,No,9244,84,1952211,1
R0536,San Francisco,Italian,22,68,26,4.8,25638,17,22,Yes,18361,88,209224,1
R0537,Chicago,Chinese,26,137,3,5.0,44065,107,26,Yes,10419,91,1672925,1
R0538,Chicago,Mexican,18,73,3,4.3,12098,245,31,No,13835,72,238691,1
R0539,Los Angeles,Vegan,10,72,16,4.4,982,78,17,No,1091,55,632523,0
R0540,Houston,Indian,11,63,5,3.3,20324,54,37,Yes,6777,65,1041244,1
R0541,New York,Indian,38,66,21,4.9,39791,146,9,No,2760,51,1922898,0
R0542,Los Angeles,Vegan,42,72,29,3.8,46576,243,30,No,11639,73,1712937,1
R0543,Los Angeles,American,19,93,10,4.3,30925,41,17,No,847,66,1946409,0
R0544,Houston,American,49,65,19,4.8,5304,298,31,No,4943,94,1634081,1
R0545,New York,Italian,30,32,25,4.9,28985,135,18,No,11588,50,360495,1
R0546,San Francisco,Italian,37,121,4,4.6,40156,76,28,Yes,9274,55,870173,1
R0547,San Francisco,Mexican,20,43,29,3.3,3303,39,7,No,7369,54,463870,0
R0548,Los Angeles,Japanese,43,21,29,4.9,2344,123,34,Yes,19922,94,1290962,0
R0549,New York,Chinese,17,100,19,4.1,32886,213,39,No,3345,99,1362128,1
R0550,Los Angeles,Italian,31,119,11,4.8,49893,38,18,Yes,12886,78,571817,1
R0551,Chicago,Indian,17,130,2,4.2,3183,140,16,Yes,1765,61,1665767,0
R0552,Los Angeles,Mexican,24,121,10,3.3,21684,194,32,Yes,12945,88,1838144,1
R0553,Los Angeles,Chinese,26,36,29,3.4,8621,262,48,Yes,13438,96,157042,0
R0554,San Francisco,Mexican,32,31,11,3.9,33641,295,33,Yes,11659,52,818013,1
R0555,San Francisco,Chinese,33,135,25,4.5,29163,71,47,No,2774,97,706578,0
R0556,San Francisco,Chinese,28,43,20,3.3,4832,12,21,No,19354,50,1280220,0
R0557,Chicago,Vegan,14,48,16,3.9,27618,77,44,Yes,10982,76,1026302,1
R0558,San Francisco,Italian,41,141,19,3.4,39663,34,25,No,19461,97,1593473,1
R0559,New York,Mexican,10,109,23,4.5,39852,188,27,No,1568,73,434333,0
R0560,Houston,Mexican,32,84,24,3.7,29797,150,24,Yes,15206,93,683556,1
R0561,New York,Vegan,46,103,11,2.7,2667,240,15,Yes,6474,68,1652969,0
R0562,New York,Indian,17,138,14,2.9,16221,172,38,No,11428,57,1168210,1
R0563,San Francisco,Indian,22,35,2,2.7,1774,139,14,Yes,2450,93,1478146,0
R0564,Houston,American,17,123,23,3.7,10975,255,14,No,19977,96,188691,1
R0565,Houston,Italian,32,111,28,2.8,44440,181,47,No,10911,51,1503731,1
R0566,Houston,Italian,10,46,5,2.8,839,73,10,No,13888,79,1116802,0
R0567,Chicago,Japanese,33,52,27,4.9,1645,40,40,Yes,18271,79,1123898,0
R0568,San Francisco,Vegan,44,74,5,4.7,29240,56,28,Yes,4774,98,1943223,0
R0569,Houston,Indian,33,26,19,3.6,9427,139,16,Yes,2785,88,984382,0
R0570,Chicago,Chinese,26,76,21,5.0,5227,119,47,Yes,19808,94,741572,0
R0571,Los Angeles,Mexican,14,145,12,2.5,23431,78,27,Yes,7545,81,144835,1
R0572,Los Angeles,Italian,29,31,18,4.0,23104,67,31,Yes,2118,50,1353603,0
R0573,Chicago,Mexican,30,35,4,4.0,41933,115,49,Yes,11479,87,123079,1
R0574,Chicago,Mexican,49,62,22,3.6,10592,265,41,No,9062,62,1122522,1
R0575,San Francisco,Japanese,40,136,17,3.5,13849,180,10,Yes,12526,60,1785676,1
R0576,San Francisco,Indian,45,130,10,3.6,23608,171,5,Yes,8343,59,947165,1
R0577,Los Angeles,Italian,20,70,20,3.5,9145,295,10,Yes,10395,97,1105829,0
R0578,Houston,Mexican,24,94,6,4.3,20216,80,26,Yes,12466,75,129311,1
R0579,Los Angeles,Italian,28,27,25,2.8,18767,264,45,Yes,18232,69,869245,1
R0580,Houston,Chinese,16,64,14,3.0,9621,64,28,No,5789,66,1031835,0
R0581,Houston,Japanese,37,78,11,3.0,8769,12,29,Yes,19306,66,995136,0
R0582,San Francisco,Chinese,14,123,11,3.2,27402,35,19,No,19312,53,1409085,1
R0583,New York,Italian,14,117,29,3.8,11383,135,30,Yes,3533,54,1690457,0
R0584,New York,American,39,98,18,2.8,31035,62,12,No,9360,72,1004940,1
R0585,Chicago,Italian,41,143,27,4.7,7098,207,28,No,8313,95,1248061,1
R0586,San Francisco,Indian,17,23,23,3.2,28906,197,42,No,18298,59,276833,1
R0587,Houston,Mexican,19,109,22,2.9,31724,195,10,No,14360,95,612773,1
R0588,New York,Mexican,47,123,18,4.2,13540,213,39,No,14794,77,1297880,1
R0589,Houston,Chinese,41,138,24,2.6,45565,20,46,No,4121,82,947936,0
R0590,New York,Japanese,37,75,23,4.0,46601,155,5,Yes,17638,92,1901109,1
R0591,New York,American,26,115,11,4.2,21897,94,40,Yes,2847,75,1631695,0
R0592,New York,Vegan,40,94,21,3.0,1369,109,16,Yes,15382,99,1576375,0
R0593,San Francisco,Mexican,17,51,12,2.6,7968,113,42,Yes,17610,97,1412617,0
R0594,Los Angeles,Indian,49,47,5,3.4,30351,55,15,Yes,5423,78,1103580,1
R0595,Houston,Chinese,34,41,23,2.7,12473,53,16,Yes,19533,76,1406644,1
R0596,San Francisco,Chinese,18,36,9,2.8,19087,287,46,No,16111,67,1513301,1
R0597,San Francisco,Vegan,11,78,27,3.1,38829,190,43,No,15867,89,1087140,1
R0598,San Francisco,Indian,24,109,25,3.2,15834,196,11,Yes,19699,59,87170,1
R0599,San Francisco,Japanese,12,125,9,3.8,42529,123,15,Yes,9566,91,1666419,1
R0600,San Francisco,Indian,45,45,22,4.2,41437,264,40,No,3779,54,1506454,1
R0601,Chicago,Japanese,13,44,10,4.0,40425,39,35,Yes,19868,59,1216691,1
R0602,Houston,Indian,23,64,22,2.9,18164,273,37,No,4307,99,940648,0
R0603,San Francisco,Indian,34,102,19,2.9,8533,107,17,Yes,14465,70,902362,0
R0604,Houston,Italian,19,30,1,4.7,48521,124,22,Yes,16623,73,228475,1
R0605,Chicago,Chinese,30,123,7,3.9,9211,285,45,Yes,17491,87,348509,0
R0606,Chicago,Indian,45,87,4,4.7,38550,290,28,No,1134,52,1422908,1
R0607,Houston,Vegan,21,114,1,3.4,48347,284,13,Yes,13271,89,1829996,1
R0608,New York,Indian,36,84,15,4.0,15147,270,35,Yes,17958,80,410777,1
R0609,Los Angeles,Mexican,49,68,8,3.8,8184,216,45,Yes,18798,90,994177,0
R0610,New York,Chinese,11,71,12,3.3,21851,220,14,Yes,14840,86,1162047,1
R0611,New York,Mexican,22,121,22,3.7,16553,224,6,No,1088,51,460372,0
R0612,New York,Chinese,41,76,22,3.8,20408,49,42,No,3731,51,1680151,0
R0613,San Francisco,Mexican,40,66,18,3.0,39068,35,19,Yes,6851,88,444861,1
R0614,Chicago,Indian,25,45,15,3.3,30177,36,7,Yes,4338,98,1419796,0
R0615,New York,Indian,41,133,17,4.5,43146,199,47,Yes,2473,91,1586377,1
R0616,Chicago,Italian,41,24,29,4.8,34875,92,35,No,14846,93,1739339,1
R0617,Houston,Vegan,43,103,14,3.4,48670,179,10,No,5544,83,1042855,1
R0618,Los Angeles,Mexican,20,71,14,3.3,46197,176,7,Yes,10747,91,100151,1
R0619,Houston,Japanese,19,124,18,3.0,24603,197,15,No,12172,69,1690248,1
R0620,Houston,Italian,24,73,20,4.2,2879,178,19,Yes,10771,82,412009,0
R0621,San Francisco,Mexican,26,34,18,3.3,21404,298,49,No,7183,53,607829,1
R0622,Los Angeles,Mexican,49,80,16,5.0,855,238,32,No,11744,94,122847,0
R0623,Houston,Italian,27,141,1,3.3,39363,106,14,No,7283,93,792459,1
R0624,Houston,Indian,18,40,23,3.5,43055,25,42,No,6094,60,261811,1
R0625,Los Angeles,Mexican,34,65,27,4.0,42381,288,11,Yes,4322,91,887387,0
R0626,Los Angeles,Indian,49,57,11,4.5,17500,144,19,No,3889,96,976794,0
R0627,Houston,Italian,23,81,15,3.7,40215,35,22,Yes,6414,54,543570,1
R0628,Los Angeles,Indian,34,105,12,3.6,14349,21,22,Yes,18664,74,1026446,1
R0629,Houston,Chinese,31,97,8,5.0,47747,81,45,Yes,4188,98,1836603,0
R0630,Houston,Japanese,39,65,22,2.5,46925,142,28,No,15183,86,473359,1
R0631,San Francisco,American,29,22,20,4.7,44925,115,6,Yes,13580,83,992013,1
R0632,New York,Mexican,30,25,6,2.9,24700,229,44,Yes,10416,58,1448500,1
R0633,Houston,Vegan,41,112,3,4.5,37806,186,24,Yes,5537,55,742101,1
R0634,Chicago,Japanese,30,27,28,4.0,19322,291,38,Yes,13953,67,1518690,1
R0635,New York,American,44,127,24,3.4,33605,142,47,Yes,9140,63,567649,1
R0636,New York,Indian,41,94,26,4.7,39068,31,30,No,581,68,149919,0
R0637,New York,Mexican,39,96,13,2.5,41239,278,11,No,6778,63,1473574,1
R0638,San Francisco,Indian,48,69,13,3.1,49483,170,42,Yes,16578,89,1315322,1
R0639,Houston,Chinese,21,30,2,3.9,41402,116,34,No,16036,66,1292596,1
R0640,San Francisco,Italian,27,114,5,3.4,29248,288,46,No,18290,84,1684632,1
R0641,Houston,Mexican,30,89,17,4.0,22402,244,9,Yes,7910,78,1141838,1
R0642,San Francisco,American,22,35,6,2.6,2723,27,15,No,16426,91,1497298,0
R0643,San Francisco,American,30,87,2,2.8,8746,251,5,No,16000,66,594893,0
R0644,Chicago,Chinese,17,118,4,2.8,13643,126,38,Yes,1980,92,652878,0
R0645,San Francisco,Chinese,49,67,22,3.0,29060,295,5,Yes,9771,57,340375,1
R0646,Los Angeles,Mexican,16,83,26,3.6,22885,291,23,No,4098,50,1702261,0
R0647,Chicago,Indian,32,109,11,4.4,12917,153,6,Yes,15532,94,1175699,1
R0648,San Francisco,Vegan,41,95,8,4.8,31506,214,25,Yes,8493,85,1898523,1
R0649,New York,American,20,120,12,4.6,23556,48,24,Yes,11395,56,1447931,1
R0650,Los Angeles,American,31,108,8,3.0,23877,163,27,Yes,15867,95,481838,1
R0651,Los Angeles,Chinese,31,37,11,3.6,21014,185,25,No,8144,54,1901608,1
R0652,Los Angeles,Japanese,34,38,22,3.0,29653,250,28,Yes,12448,73,1257540,1
R0653,Chicago,Chinese,31,74,20,3.2,23648,143,8,Yes,18642,77,1050783,1
R0654,San Francisco,Vegan,37,121,8,3.8,37365,55,16,Yes,3099,92,905742,0
R0655,San Francisco,Indian,38,137,29,2.7,40801,59,26,Yes,6313,66,218767,1
R0656,New York,Indian,22,23,8,3.0,6827,175,24,Yes,4353,86,1758365,0
R0657,New York,Japanese,27,127,26,4.8,45024,115,22,Yes,19176,69,709966,1
R0658,Los Angeles,American,11,134,17,3.7,32527,225,5,No,2001,52,1496270,0
R0659,New York,Chinese,38,48,20,3.6,16792,155,34,Yes,8922,86,1737244,1
R0660,Chicago,Indian,30,78,20,2.5,31725,81,37,Yes,8050,75,1575608,1
R0661,San Francisco,Vegan,24,144,23,3.1,25018,282,28,Yes,4750,64,745494,0
R0662,Los Angeles,Mexican,36,117,16,4.7,41495,256,18,Yes,7491,97,513179,1
R0663,New York,Italian,40,36,14,2.9,41236,195,40,Yes,16998,57,1996788,1
R0664,Chicago,Italian,24,126,11,3.5,49390,79,9,Yes,4906,62,206547,0
R0665,Chicago,Italian,32,62,7,2.5,49445,159,15,No,19231,97,902609,1
R0666,New York,American,33,99,16,3.7,15677,255,28,Yes,1541,52,727090,0
R0667,San Francisco,Chinese,22,27,13,2.6,19719,271,35,No,7427,50,1250761,1
R0668,New York,Japanese,31,125,27,4.5,46340,35,17,Yes,16895,58,1773947,1
R0669,Los Angeles,Indian,46,27,15,4.6,33810,149,20,No,8371,80,105746,1
R0670,New York,Mexican,42,115,24,4.5,37488,108,28,Yes,6875,90,1796789,1
R0671,Chicago,Vegan,12,113,16,3.2,16295,287,17,No,4176,75,1970203,0
R0672,New York,Mexican,28,84,27,4.6,27789,60,28,Yes,13517,66,1921826,1
R0673,San Francisco,Vegan,32,58,21,3.9,11254,160,30,Yes,3565,83,218393,0
R0674,Houston,American,38,100,23,3.4,39221,113,6,Yes,2536,58,333453,0
R0675,New York,Chinese,39,103,24,4.1,29512,98,20,No,3546,62,340320,0
R0676,San Francisco,Italian,48,107,9,2.5,21441,150,42,Yes,17424,54,643167,1
R0677,San Francisco,Chinese,34,105,3,2.9,32118,222,5,Yes,576,90,1690456,0
R0678,Chicago,American,46,112,19,4.4,9245,242,15,No,19951,62,1445448,1
R0679,San Francisco,Japanese,17,105,20,3.1,42362,192,39,Yes,16380,50,1318660,1
R0680,San Francisco,Japanese,25,63,5,4.0,46430,260,47,No,16907,74,1820358,1
R0681,San Francisco,American,17,93,10,3.5,22323,18,33,Yes,17559,96,845016,1
R0682,San Francisco,Vegan,10,55,17,4.6,2980,88,41,No,4767,53,698843,0
R0683,Los Angeles,Indian,14,120,15,4.9,21371,61,21,Yes,6488,85,1454022,1
R0684,Los Angeles,Indian,12,123,23,4.7,33413,278,43,Yes,9180,59,958840,1
R0685,Chicago,Vegan,10,85,25,3.2,47000,235,46,Yes,1985,77,1641694,0
R0686,New York,Japanese,13,74,8,3.0,13404,60,32,No,15213,55,1315473,1
R0687,San Francisco,Japanese,49,110,15,3.7,34795,195,33,Yes,2919,76,1875098,0
R0688,New York,Japanese,44,41,21,2.5,30325,43,47,Yes,15812,61,913498,1
R0689,New York,Chinese,41,120,14,2.6,20636,239,7,No,3995,97,840023,0
R0690,Chicago,Japanese,43,140,20,3.9,30931,140,14,Yes,17640,52,1192454,1
R0691,San Francisco,Mexican,34,112,28,3.8,49256,129,46,No,11216,95,1223983,1
R0692,San Francisco,Italian,19,127,7,5.0,11773,256,18,No,12942,82,691157,1
R0693,Houston,Japanese,30,29,21,3.0,22017,201,16,No,18663,59,307716,1
R0694,New York,Vegan,48,28,23,3.1,27929,219,46,No,13461,80,857827,1
R0695,New York,Italian,36,53,12,2.8,15472,112,34,Yes,10807,64,1115314,1
R0696,Los Angeles,Chinese,36,148,17,4.8,26038,142,36,Yes,6987,56,1232279,1
R0697,Houston,Vegan,11,108,17,4.4,2763,148,36,No,10164,85,1771841,0
R0698,Los Angeles,Italian,22,112,10,4.6,47901,130,46,Yes,16860,63,1641920,1
R0699,Los Angeles,Vegan,18,90,29,4.8,9565,103,36,Yes,17142,97,1863610,0
R0700,Los Angeles,Chinese,45,86,19,3.8,3426,138,30,No,4575,63,1608817,0
R0701,Chicago,Mexican,31,136,14,3.6,3759,100,5,Yes,18002,52,1482376,0
R0702,Chicago,Chinese,35,113,11,3.3,27694,101,46,No,15785,98,689604,1
R0703,Los Angeles,Chinese,21,118,2,4.0,4863,72,6,No,8131,95,740807,0
R0704,Houston,Vegan,26,132,18,3.6,23221,38,21,No,3517,99,1677282,0
R0705,New York,American,23,122,7,3.6,10928,219,34,No,18542,52,873622,1
R0706,Houston,Indian,23,110,12,4.8,47688,21,43,No,18681,71,76014,1
R0707,San Francisco,Japanese,43,109,26,5.0,11321,139,11,No,1284,68,1096737,0
R0708,Chicago,Japanese,29,36,2,4.5,11311,182,31,Yes,6191,84,1826935,1
R0709,New York,Mexican,20,37,27,4.4,13669,217,13,Yes,16265,61,1861853,1
R0710,New York,Mexican,25,135,20,4.2,31458,33,26,No,3696,54,231350,0
R0711,San Francisco,Japanese,40,112,18,2.9,37960,108,38,No,10052,59,961995,1
R0712,San Francisco,Indian,15,110,6,2.6,6122,148,5,Yes,9032,90,838212,0
R0713,Los Angeles,Japanese,28,101,24,4.2,45437,183,13,Yes,17446,82,534859,1
R0714,Chicago,American,46,87,10,4.3,13615,38,24,Yes,5246,62,764618,1
R0715,Chicago,Indian,13,133,20,2.6,6259,152,23,Yes,3499,84,540339,0
R0716,Houston,Mexican,13,20,15,4.8,46091,51,40,No,18077,81,92192,1
R0717,Los Angeles,Italian,29,77,5,2.7,41313,217,44,No,11802,60,1026804,1
R0718,Los Angeles,Vegan,19,128,20,3.2,21791,201,49,Yes,16952,97,941307,1
R0719,Los Angeles,American,33,135,3,4.2,25004,169,8,Yes,16095,87,1058008,1
R0720,Los Angeles,American,44,106,5,2.9,43890,73,13,Yes,19312,73,1459849,1
R0721,Chicago,Mexican,35,29,25,2.6,3144,252,45,No,6700,84,93923,0
R0722,Chicago,Mexican,46,78,8,3.3,9712,267,26,Yes,5896,68,1712060,0
R0723,Los Angeles,Chinese,47,60,8,4.4,5736,161,22,Yes,13910,55,1625259,1
R0724,Houston,American,30,124,8,3.5,11693,224,16,Yes,13703,89,1463169,1
R0725,New York,Chinese,49,141,12,4.1,49047,175,46,Yes,4098,94,1482467,1
R0726,New York,Chinese,48,41,24,3.9,2992,40,47,Yes,11064,93,802744,0
R0727,Houston,Vegan,30,117,23,2.6,21772,241,43,Yes,13248,91,1507571,1
R0728,Los Angeles,Chinese,19,87,8,5.0,5912,291,13,Yes,17457,84,645316,1
R0729,Chicago,Indian,47,75,11,2.6,31185,38,10,Yes,8136,53,997226,1
R0730,New York,Japanese,13,118,14,4.9,754,204,23,Yes,18362,82,1498903,1
R0731,San Francisco,Italian,29,95,8,3.9,17243,265,11,No,10765,62,816751,1
R0732,San Francisco,Mexican,26,45,29,4.9,1898,290,20,No,10205,85,715344,1
R0733,Houston,Indian,16,134,24,2.8,38027,96,9,No,14798,92,929608,1
R0734,Los Angeles,Italian,13,128,28,3.7,29187,158,20,No,19080,68,1826264,1
R0735,New York,American,38,66,10,2.9,11718,258,5,Yes,10203,92,1353891,1
R0736,Los Angeles,American,23,90,7,2.6,8546,292,41,Yes,13836,61,1387644,0
R0737,New York,American,12,59,28,4.0,21746,207,43,Yes,8666,60,495919,1
R0738,Houston,Indian,33,42,17,3.0,36691,53,23,No,16616,55,1393297,1
R0739,Houston,Indian,46,125,4,4.0,48967,37,41,No,6550,61,188783,1
R0740,San Francisco,Mexican,25,103,29,2.8,27300,26,21,Yes,11684,76,1708412,1
R0741,Los Angeles,Japanese,13,135,13,3.3,29671,136,30,Yes,13212,90,1355864,1
R0742,San Francisco,Chinese,33,128,4,4.5,22638,177,26,Yes,8984,74,1591661,1
R0743,Los Angeles,American,43,60,5,3.6,40655,253,12,No,3093,91,545187,0
R0744,San Francisco,Vegan,39,131,26,4.1,44064,85,37,Yes,10815,52,1747957,1
R0745,Chicago,Japanese,27,131,22,4.1,21000,240,6,Yes,15700,52,1334411,1
R0746,Chicago,Vegan,28,122,4,4.6,22456,213,34,Yes,9607,69,1951563,1
R0747,Chicago,Mexican,40,65,18,3.3,23123,257,24,Yes,4369,77,1450568,0
R0748,Chicago,Mexican,28,87,6,4.2,39248,223,22,No,15947,72,1304660,1
R0749,New York,Mexican,28,141,24,4.9,17492,224,47,Yes,8471,97,844686,1
R0750,Chicago,Italian,31,34,24,4.3,20798,167,14,No,3489,52,437554,0
R0751,Houston,Vegan,33,148,23,3.7,42570,78,28,Yes,5840,91,803315,1
R0752,Houston,Japanese,21,130,22,4.1,26635,94,8,No,10143,73,520336,1
R0753,New York,Japanese,39,43,2,4.3,35550,276,41,No,4323,92,973469,1
R0754,Chicago,Indian,47,46,23,4.0,33857,78,8,Yes,13954,89,1306648,1
R0755,Chicago,Indian,40,59,11,2.5,12576,108,17,Yes,4432,55,1346605,0
R0756,Chicago,American,45,43,28,3.0,41314,225,29,No,10720,69,1307623,1
R0757,San Francisco,Indian,28,43,14,4.5,4811,170,17,Yes,9054,60,415169,0
R0758,Los Angeles,Mexican,45,23,5,3.2,6579,103,22,No,2929,81,180509,0
R0759,San Francisco,Japanese,39,86,6,4.3,31490,183,28,No,7944,76,812072,1
R0760,Los Angeles,Vegan,42,53,10,3.4,13261,174,6,No,11010,70,1393683,1
R0761,Chicago,Mexican,27,135,8,3.8,32252,124,37,Yes,11777,93,577561,1
R0762,Chicago,Italian,37,42,14,2.7,14735,229,23,Yes,11037,97,589618,1
R0763,San Francisco,Indian,20,128,24,3.0,40943,40,13,Yes,7647,99,202566,1
R0764,San Francisco,Mexican,42,88,3,4.9,30397,20,32,Yes,8131,62,650710,1
R0765,Los Angeles,Mexican,26,114,12,4.7,20936,139,39,No,4098,71,958521,0
R0766,Houston,Italian,15,81,16,4.1,24931,114,43,No,4829,84,53212,0
R0767,Los Angeles,Chinese,13,76,28,3.6,1107,36,14,Yes,7218,96,282131,0
R0768,San Francisco,Japanese,29,73,23,4.2,26431,236,5,No,10423,71,526657,1
R0769,San Francisco,Vegan,36,89,17,4.0,40556,11,46,Yes,14282,77,1710458,1
R0770,New York,American,24,120,1,3.9,10863,110,25,Yes,16976,70,1230728,1
R0771,San Francisco,Chinese,15,76,23,2.6,4008,30,13,No,551,95,1393395,0
R0772,New York,Indian,23,122,10,4.1,27673,67,19,No,17202,67,1120583,1
R0773,Houston,Mexican,20,104,25,4.4,19287,189,39,Yes,10684,80,688093,1
R0774,Los Angeles,Italian,48,80,23,5.0,12057,29,9,No,12968,95,1443361,1
R0775,Los Angeles,Italian,18,22,10,2.5,4479,264,45,Yes,15979,86,1718679,0
R0776,New York,Japanese,35,147,21,4.3,28059,47,26,Yes,7710,70,883247,1
R0777,Los Angeles,Chinese,25,105,24,3.9,16582,157,45,Yes,13434,63,1968490,1
R0778,San Francisco,American,14,66,2,3.6,27205,34,27,No,4456,74,1885647,0
R0779,Chicago,Japanese,19,95,9,2.8,977,130,11,Yes,6557,76,375737,0
R0780,New York,Mexican,12,57,22,3.5,48453,35,27,Yes,11710,89,1610740,1
R0781,Los Angeles,Japanese,22,106,13,3.4,18352,178,48,Yes,15090,72,128038,1
R0782,New York,Vegan,39,77,25,3.3,31434,234,29,No,14364,80,1070998,1
R0783,New York,Italian,15,69,16,4.3,19149,10,31,Yes,2025,96,1454619,0
R0784,Chicago,Italian,26,49,18,4.3,17872,270,45,Yes,13777,78,840168,1
R0785,San Francisco,Indian,28,120,19,4.0,2737,22,10,Yes,7543,96,1876370,0
R0786,New York,Indian,44,44,12,4.8,7342,57,38,Yes,18162,79,1115049,0
R0787,Los Angeles,American,35,131,8,3.4,42125,103,13,No,9205,75,703059,1
R0788,Houston,Mexican,14,145,17,3.1,41481,270,37,Yes,6625,69,1224377,1
R0789,New York,Vegan,38,142,15,4.1,35751,287,10,No,8374,87,944030,1
R0790,New York,Chinese,46,66,10,3.0,34072,214,41,Yes,13029,68,660911,1
R0791,Chicago,Japanese,29,137,15,3.3,17028,194,35,No,15455,76,1606828,1
R0792,San Francisco,American,30,58,15,3.1,28842,184,38,Yes,3000,74,1323673,0
R0793,Houston,Mexican,19,35,23,2.7,11931,78,45,Yes,3964,89,348964,0
R0794,Los Angeles,Indian,14,41,7,4.6,48332,113,33,Yes,19143,87,1314509,1
R0795,Houston,Japanese,45,73,13,3.1,19656,255,18,No,16454,72,1418309,1
R0796,Los Angeles,Indian,15,35,17,3.7,25443,170,40,No,19543,78,771167,1
R0797,San Francisco,Japanese,35,78,9,2.6,22934,209,40,Yes,755,64,1379134,0
R0798,Los Angeles,Chinese,13,50,8,4.2,46862,225,19,No,2002,52,1488098,1
R0799,Chicago,Mexican,48,51,20,3.3,39388,221,12,Yes,5156,59,74220,1
R0800,Chicago,Japanese,48,28,26,4.4,33522,25,30,Yes,10802,64,634819,1
R0801,Chicago,Vegan,44,29,27,3.5,23305,214,40,Yes,5930,65,1470722,1
R0802,Chicago,American,10,36,21,3.0,18930,48,25,Yes,9098,66,557409,1
R0803,Houston,Italian,33,87,18,3.8,8512,98,32,No,16476,68,747785,0
R0804,San Francisco,Vegan,45,67,13,2.8,3766,265,8,Yes,2360,60,59387,0
R0805,Los Angeles,Vegan,15,130,16,3.6,37145,263,20,Yes,6658,97,295752,1
R0806,Los Angeles,American,40,142,9,3.3,20886,225,26,Yes,6306,54,651103,1
R0807,Chicago,Italian,29,120,12,4.8,5615,181,16,Yes,17606,54,601872,1
R0808,Chicago,Vegan,33,121,12,2.7,42073,146,20,Yes,9974,63,619071,1
R0809,New York,Japanese,34,84,6,4.2,26727,187,44,Yes,17497,99,1793745,1
R0810,San Francisco,Japanese,45,70,19,3.0,15298,86,42,Yes,6290,75,759687,1
R0811,Houston,Japanese,30,55,28,3.3,4085,197,46,Yes,10670,57,698782,0
R0812,Los Angeles,Italian,39,100,7,3.5,46003,24,41,Yes,9504,54,1738678,1
R0813,New York,Vegan,33,146,25,4.8,41035,223,33,Yes,10478,56,300139,1
R0814,New York,Italian,39,107,3,3.1,29575,217,22,Yes,17214,65,550228,1
R0815,Los Angeles,Japanese,31,123,16,2.7,40316,178,14,Yes,19096,63,1764793,1
R0816,Houston,American,37,34,18,3.3,19503,289,46,Yes,7732,86,1796197,1
R0817,New York,Vegan,16,115,16,2.8,3781,155,43,Yes,13174,90,910020,0
R0818,New York,Vegan,44,142,23,2.8,26119,272,22,Yes,16552,53,984499,1
R0819,San Francisco,Indian,37,20,7,3.9,27686,13,5,Yes,16274,85,1345085,1
R0820,Houston,Indian,23,141,4,2.7,49824,99,43,Yes,6413,97,63580,1
R0821,New York,Chinese,19,145,27,2.6,42392,69,25,Yes,14602,66,1641104,1
R0822,Houston,Mexican,25,76,25,4.3,37621,25,5,Yes,15889,96,828639,1
R0823,Los Angeles,Indian,25,100,8,3.4,39950,236,19,No,11067,85,1444166,1
R0824,Chicago,Italian,40,92,13,2.8,36870,38,8,Yes,6111,55,518968,1
R0825,New York,Indian,34,89,13,3.1,5729,160,24,Yes,9932,65,940965,0
R0826,San Francisco,Chinese,22,25,17,4.1,27810,254,14,No,819,78,828559,1
R0827,Los Angeles,Vegan,15,103,17,3.2,30428,279,27,Yes,13186,85,1582239,1
R0828,Houston,Chinese,18,71,5,3.7,12378,88,45,No,5291,87,478082,1
R0829,Los Angeles,Vegan,45,22,6,2.8,8517,298,38,Yes,829,86,655262,0
R0830,New York,American,29,100,19,4.0,34865,162,37,No,9351,97,1696265,1
R0831,Houston,American,27,82,13,3.3,9063,286,38,Yes,11810,97,263165,0
R0832,Chicago,Vegan,30,68,25,4.1,48652,288,43,Yes,10664,59,455427,1
R0833,Los Angeles,Mexican,13,95,28,4.5,37392,66,14,No,18677,90,502201,1
R0834,New York,Indian,42,131,26,4.0,25109,195,24,Yes,6203,85,1262916,1
R0835,San Francisco,Italian,36,128,14,3.2,27775,102,5,Yes,11149,78,1888654,1
R0836,Houston,Italian,16,84,22,3.1,36275,285,17,No,13172,63,760731,1
R0837,Los Angeles,Japanese,15,100,4,3.3,6831,167,5,Yes,4655,53,1870987,0
R0838,Los Angeles,Vegan,24,34,28,2.9,40663,284,9,Yes,3111,93,354960,0
R0839,Chicago,Italian,27,119,7,3.0,11432,190,20,Yes,19477,91,1188036,1
R0840,Chicago,Mexican,41,51,8,4.5,19277,86,19,Yes,16979,85,1404832,1
R0841,San Francisco,Vegan,20,115,25,3.5,23818,160,32,No,9680,99,1149624,1
R0842,San Francisco,Mexican,29,147,13,3.6,3011,247,35,No,9804,94,1829382,0
R0843,New York,Italian,33,132,27,4.0,18899,298,27,Yes,15110,62,1231426,1
R0844,New York,Italian,24,102,6,4.0,49502,240,49,Yes,8937,95,1930760,1
R0845,San Francisco,Japanese,16,62,6,2.7,15294,27,47,Yes,10850,67,1576769,1
R0846,San Francisco,Italian,30,135,24,4.6,5051,82,21,Yes,13021,82,1955734,0
R0847,Houston,Vegan,35,97,28,2.9,40966,198,38,No,7060,70,786200,1
R0848,Chicago,American,23,77,21,4.3,28433,26,17,Yes,5747,65,1072805,1
R0849,New York,Vegan,46,52,3,4.4,21773,28,18,Yes,4577,64,994793,0
R0850,Chicago,Vegan,30,33,28,4.3,48985,228,15,No,11358,54,356932,1
R0851,Chicago,Japanese,27,78,3,3.9,40970,129,32,No,11891,55,316891,1
R0852,San Francisco,Japanese,14,102,13,2.5,5665,110,46,Yes,11446,87,1042326,0
R0853,Houston,Italian,12,140,22,3.4,22921,43,36,Yes,15686,52,574333,1
R0854,Los Angeles,Chinese,32,102,2,4.0,25594,93,39,Yes,1917,97,1062782,0
R0855,Houston,Chinese,35,46,16,3.5,34041,205,35,No,16994,61,1630622,1
R0856,Houston,Japanese,46,99,22,4.7,8724,211,21,Yes,9454,85,1878261,1
R0857,Chicago,Italian,33,32,29,3.3,47262,20,13,Yes,14091,82,961508,1
R0858,Houston,Chinese,28,83,6,3.2,46124,227,14,Yes,7891,85,1777373,1
R0859,New York,Italian,34,99,8,3.2,935,262,12,Yes,11864,82,1773521,0
R0860,Chicago,Italian,30,142,23,3.3,18746,231,25,Yes,10871,80,190926,1
R0861,New York,Italian,21,62,8,3.9,11924,89,17,No,3004,70,233148,0
R0862,Los Angeles,Indian,42,108,25,4.3,37435,16,9,No,5739,76,893382,1
R0863,Chicago,Vegan,13,114,6,4.2,3915,281,10,No,17176,76,722709,1
R0864,Los Angeles,Italian,16,21,14,4.5,49498,236,34,Yes,18618,57,1850164,1
R0865,Chicago,Indian,31,139,3,4.7,2529,25,35,No,5620,86,1775284,0
R0866,San Francisco,Japanese,42,41,10,4.5,42050,21,21,No,6893,81,1263944,1
R0867,Houston,Chinese,26,134,3,2.5,41986,250,15,Yes,2696,75,544496,0
R0868,San Francisco,Vegan,33,76,27,4.3,44498,30,24,Yes,3966,51,69455,0
R0869,Los Angeles,American,43,91,12,3.0,2707,187,13,Yes,2406,61,784184,0
R0870,Houston,Chinese,37,26,17,2.8,25750,237,6,No,18605,71,1563715,1
R0871,Chicago,Vegan,48,138,27,4.1,38798,282,41,Yes,12383,66,1330473,1
R0872,Houston,American,31,133,29,3.3,32453,297,5,No,15937,56,482509,1
R0873,New York,Chinese,26,35,5,2.6,36890,143,8,Yes,14997,92,1591222,1
R0874,Houston,Vegan,43,102,20,2.8,12091,292,40,No,2316,53,662840,0
R0875,New York,Chinese,15,91,25,2.5,21268,162,29,Yes,11213,86,882548,1
R0876,Houston,Chinese,15,143,9,4.8,31199,75,7,No,4349,87,432605,0
R0877,New York,American,43,132,21,2.6,39485,146,13,Yes,7349,81,614772,1
R0878,Los Angeles,Chinese,10,31,26,3.0,36019,101,26,No,1558,60,997719,0
R0879,San Francisco,Chinese,19,145,20,3.5,31516,268,27,Yes,12230,50,1442358,1
R0880,Chicago,American,30,72,7,3.4,5680,112,16,Yes,19206,74,708764,0
R0881,Houston,Japanese,14,94,22,4.8,7154,64,14,Yes,17832,91,218332,0
R0882,San Francisco,Italian,11,46,4,2.6,24190,266,38,Yes,4859,73,1199223,0
R0883,Chicago,Mexican,31,116,13,3.8,40487,110,47,Yes,13309,92,1688506,1
R0884,Chicago,Indian,11,24,13,4.2,15923,207,14,Yes,6160,66,1834667,1
R0885,New York,Mexican,19,76,10,4.8,46115,235,34,No,7754,57,882441,1
R0886,Los Angeles,Mexican,43,97,18,4.1,37441,246,26,Yes,13322,94,1060193,1
R0887,Los Angeles,Vegan,25,88,17,4.5,15439,35,10,Yes,2593,76,1227400,0
R0888,San Francisco,Italian,48,137,20,2.7,3591,130,6,Yes,12230,67,823202,0
R0889,Los Angeles,Vegan,31,139,20,3.5,806,191,34,Yes,18447,76,866037,0
R0890,Houston,Italian,21,78,13,3.4,32057,208,6,No,8717,71,1733743,1
R0891,Los Angeles,American,33,52,17,4.7,15828,264,36,Yes,17058,65,1743691,1
R0892,San Francisco,American,49,81,22,2.9,7097,131,46,No,18218,51,317724,0
R0893,Los Angeles,Italian,47,69,4,2.9,38101,40,20,Yes,17205,54,951334,1
R0894,Houston,Chinese,19,131,1,3.3,38623,294,16,Yes,12842,67,317544,1
R0895,New York,Japanese,44,38,1,2.6,25263,115,5,No,12739,52,1793579,1
R0896,San Francisco,Chinese,41,142,15,3.0,17818,233,12,Yes,14354,76,801545,1
R0897,New York,Japanese,16,66,13,4.9,22072,282,17,Yes,14397,66,1095962,1
R0898,New York,Vegan,30,52,17,3.6,18331,241,19,Yes,11919,65,1981040,1
R0899,New York,Japanese,29,103,24,4.1,39719,265,48,No,10564,55,177319,1
R0900,Chicago,Vegan,35,98,26,4.3,12226,33,12,Yes,15503,56,562193,1
R0901,Chicago,American,13,33,8,3.4,23695,118,14,Yes,10759,99,1577965,1
R0902,New York,Mexican,31,147,18,2.9,40733,200,9,Yes,6174,63,156960,1
R0903,San Francisco,American,24,73,27,3.0,12218,34,23,Yes,5502,87,89015,1
R0904,Houston,American,49,48,13,3.3,3417,196,42,No,1410,89,1432433,0
R0905,Houston,Mexican,30,43,23,4.1,45080,297,15,Yes,1449,64,778165,1
R0906,Los Angeles,Japanese,24,101,14,3.5,44215,125,47,Yes,19398,96,982478,1
R0907,San Francisco,Japanese,31,82,8,2.5,43258,46,24,No,12023,96,195109,1
R0908,Chicago,Vegan,37,124,8,3.8,47731,291,24,Yes,11721,97,527508,1
R0909,New York,Chinese,23,76,27,4.8,49416,146,25,Yes,16984,82,1884927,1
R0910,Los Angeles,Vegan,36,81,26,4.5,39928,236,22,Yes,5146,92,983671,1
R0911,Houston,Chinese,49,36,15,4.6,15604,191,14,Yes,7445,76,1187330,1
R0912,Chicago,American,37,85,27,4.5,3157,95,38,Yes,2900,78,271775,0
R0913,Chicago,Mexican,35,25,13,3.3,26760,62,30,Yes,12063,86,1403868,1
R0914,New York,American,11,77,7,4.4,37296,244,34,Yes,19227,54,777513,1
R0915,Houston,Italian,34,88,5,2.9,502,276,13,Yes,852,78,726894,0
R0916,San Francisco,Japanese,12,81,17,4.1,8705,296,35,Yes,19839,81,796355,1
R0917,Chicago,Chinese,17,101,28,4.1,15861,109,46,Yes,15989,55,959222,1
R0918,New York,Vegan,42,90,25,2.6,27143,96,8,Yes,1518,51,1971086,0
R0919,San Francisco,Mexican,44,29,29,4.5,33735,24,10,No,18063,55,1155455,1
R0920,Houston,Chinese,15,117,16,4.8,13879,110,18,Yes,5693,95,169894,1
R0921,Chicago,Vegan,48,108,23,3.2,15255,174,8,No,16201,92,640127,1
R0922,San Francisco,Japanese,32,54,2,4.5,41078,38,30,Yes,4036,53,1128332,0
R0923,San Francisco,American,34,21,22,2.7,33232,123,43,No,15949,78,718043,1
R0924,San Francisco,Japanese,28,143,18,4.0,23951,116,21,No,12342,74,1279133,1
R0925,Chicago,Indian,14,43,17,3.7,15466,139,23,Yes,19386,58,1327879,1
R0926,Chicago,Italian,20,93,7,3.9,28508,93,10,Yes,4319,52,1502817,0
R0927,Los Angeles,Indian,21,41,13,4.8,6671,280,33,Yes,17863,75,724075,1
R0928,Houston,Mexican,19,58,18,4.7,49831,253,15,Yes,1476,97,1037601,1
R0929,New York,Chinese,17,39,29,4.5,14117,223,20,Yes,19164,92,541599,1
R0930,San Francisco,Mexican,33,60,14,3.2,39336,175,34,No,6397,76,545283,1
R0931,Los Angeles,American,37,127,18,4.8,4250,288,29,Yes,16457,85,667231,1
R0932,New York,Vegan,45,103,13,2.7,45933,68,44,Yes,15859,81,792476,1
R0933,Los Angeles,Japanese,46,130,11,4.6,19523,99,15,Yes,13740,50,198188,1
R0934,Chicago,Indian,30,85,21,3.3,4237,203,11,Yes,607,65,611032,0
R0935,San Francisco,Indian,17,72,21,2.6,30092,132,30,No,16024,97,174697,1
R0936,New York,American,18,53,16,4.2,45104,145,26,No,2126,60,1579371,0
R0937,New York,Indian,24,86,23,3.1,29002,148,29,Yes,6729,75,1738936,1
R0938,New York,American,49,46,17,3.1,49704,238,23,Yes,7377,89,445340,1
R0939,New York,Mexican,27,29,8,3.3,45021,283,35,Yes,1374,50,286028,0
R0940,New York,Japanese,29,92,19,2.7,13933,59,30,No,6043,75,743411,1
R0941,Los Angeles,Chinese,15,115,20,2.9,1481,127,46,Yes,4309,77,1105752,0
R0942,San Francisco,Vegan,21,67,15,2.5,8254,211,45,Yes,11103,58,1976318,0
R0943,Chicago,Chinese,11,89,9,3.6,34335,200,40,No,2607,93,1875229,0
R0944,Chicago,Mexican,16,119,20,2.7,13539,190,27,Yes,12245,71,1556610,1
R0945,Chicago,Vegan,25,78,10,4.2,19222,87,17,No,9965,57,563611,1
R0946,Chicago,Indian,12,21,12,3.1,24056,84,29,Yes,1059,98,1248324,0
R0947,Los Angeles,Italian,12,84,21,4.9,17364,290,6,No,8808,91,1143753,1
R0948,Houston,Mexican,36,102,23,4.7,44874,30,6,Yes,15750,76,1582088,1
R0949,San Francisco,Mexican,49,29,20,3.2,3249,180,20,Yes,13755,88,1209199,0
R0950,New York,Japanese,47,72,1,4.5,24760,24,13,Yes,3546,68,1623861,0
R0951,Houston,Chinese,42,98,25,4.5,40760,220,32,No,14356,74,502546,1
R0952,Chicago,Mexican,37,78,20,5.0,20628,57,17,Yes,16927,87,1011273,1
R0953,Houston,Mexican,10,67,9,4.0,49004,95,39,Yes,1008,70,546184,0
R0954,San Francisco,Indian,17,142,22,2.7,1268,158,45,Yes,6607,73,1084549,0
R0955,New York,Indian,46,41,15,4.1,45224,197,17,Yes,13976,73,694467,1
R0956,New York,Vegan,41,119,1,4.1,35997,160,35,Yes,3939,68,297439,0
R0957,San Francisco,American,46,117,12,4.1,15132,150,25,No,13636,99,1046157,1
R0958,San Francisco,American,13,44,3,3.3,35394,78,36,Yes,14667,96,694691,1
R0959,Chicago,Italian,39,47,11,4.6,43927,269,38,Yes,17800,51,145287,1
R0960,New York,American,15,132,2,4.9,3616,18,12,Yes,17682,63,1218150,0
R0961,Houston,Japanese,28,64,16,3.0,19851,130,45,Yes,5471,81,830751,1
R0962,Los Angeles,Italian,41,87,9,2.7,30473,110,6,Yes,18644,91,1220085,1
R0963,Los Angeles,Vegan,18,26,15,3.0,30370,158,42,Yes,16383,81,1446167,1
R0964,San Francisco,Indian,21,68,12,4.6,10486,155,36,Yes,1318,77,1994530,1
R0965,Chicago,American,20,102,1,4.2,36423,252,44,Yes,10860,97,1547757,1
R0966,Los Angeles,Chinese,25,148,13,4.1,48880,250,32,No,12427,88,1441864,1
R0967,New York,Indian,10,92,14,3.5,14257,52,41,Yes,16523,89,1871369,1
R0968,San Francisco,Japanese,30,65,25,3.9,37979,104,45,Yes,3565,91,1291165,0
R0969,Houston,Indian,39,125,25,3.3,39620,235,5,No,3759,96,1977701,0
R0970,San Francisco,Japanese,22,51,8,3.7,49697,15,45,No,17790,89,406459,1
R0971,Houston,Japanese,43,25,8,4.5,39232,223,14,Yes,12800,62,538720,1
R0972,San Francisco,Japanese,13,93,27,5.0,3726,215,8,Yes,1102,61,1912395,1
R0973,San Francisco,Vegan,37,133,12,4.8,20500,76,39,No,4795,57,1102666,0
R0974,San Francisco,Japanese,47,46,1,4.8,36743,109,14,Yes,10483,64,1516737,1
R0975,Houston,Japanese,40,73,11,3.5,38365,21,15,Yes,4027,75,1925247,0
R0976,Houston,Chinese,36,104,8,3.7,16079,246,18,Yes,2311,61,53743,0
R0977,San Francisco,Italian,14,146,10,4.3,11629,267,42,Yes,12603,92,1129500,1
R0978,Los Angeles,Mexican,34,130,19,4.8,16745,144,16,Yes,9532,95,1239844,1
R0979,Chicago,Italian,12,34,11,2.9,26524,231,49,No,13377,76,1976823,1
R0980,Chicago,Japanese,42,112,7,3.3,13482,165,21,Yes,8463,67,1728176,1
R0981,Chicago,Chinese,13,142,11,2.8,4125,151,20,Yes,15724,94,1429580,0
R0982,Houston,Indian,34,92,17,4.0,43326,167,39,Yes,9416,85,1008904,1
R0983,Houston,Chinese,29,111,1,3.3,13944,271,6,Yes,7266,98,790537,1
R0984,Los Angeles,Japanese,43,36,26,3.3,4275,292,15,No,17686,76,1846954,0
R0985,Chicago,Chinese,35,62,29,2.7,30619,238,45,Yes,19466,58,279602,1
R0986,Chicago,American,14,140,21,3.4,9274,289,7,No,2165,88,1441119,0
R0987,San Francisco,Chinese,44,60,21,4.7,3543,299,33,Yes,16432,50,885227,1
R0988,Houston,Japanese,37,58,8,3.1,21495,177,22,Yes,7475,56,887985,1
R0989,Chicago,Vegan,38,132,23,4.2,10825,56,24,No,3052,75,1607504,0
R0990,Los Angeles,American,18,130,24,4.1,33561,212,18,Yes,13719,56,1202552,1
R0991,Los Angeles,Chinese,47,66,6,4.7,41215,223,38,Yes,14774,56,205183,1
R0992,Chicago,Mexican,15,82,22,2.8,44648,255,35,No,13112,57,1736430,1
R0993,Houston,Mexican,28,129,18,4.9,31451,33,44,Yes,3308,65,1356019,0
R0994,Los Angeles,Chinese,20,88,6,4.0,18296,283,46,No,11590,52,1742832,1
R0995,San Francisco,Vegan,11,62,5,5.0,46709,53,22,No,12760,94,111600,1
R0996,Los Angeles,Indian,18,53,13,4.8,14354,165,34,Yes,15795,59,624310,1
R0997,New York,Japanese,30,59,19,3.1,14121,208,29,Yes,15337,99,1757135,1
R0998,New York,Mexican,33,80,22,2.6,46236,171,23,Yes,15169,56,887329,1
R0999,Houston,Indian,43,81,8,3.1,5824,243,12,Yes,11023,70,874470,0
R1000,Chicago,Chinese,31,77,9,3.8,28790,172,32,No,13262,86,173323,1
